folder,documents,datasets,zim,other,total
emergency,37,0,0,0,37
emergency/agriculture,3,0,0,0,3
emergency/bushcraft,1,0,0,0,1
emergency/civil_defense,10,0,0,0,10
emergency/civil_defense/cbrn,3,0,0,0,3
emergency/civil_defense/nuclear,4,0,0,0,4
emergency/civil_defense/radiological,1,0,0,0,1
emergency/communications,4,0,0,0,4
emergency/disaster_response,2,0,0,0,2
emergency/food,1,0,0,0,1
emergency/survival,9,0,0,0,9
emergency/water,1,0,0,0,1
emergency/wilderness,6,0,0,0,6
engineering,3,0,0,0,3
engineering/electronics,2,0,0,0,2
engineering/mechanical,1,0,0,0,1
geography,3273,35964,0,9795,49032
geography/geodata,3271,35964,0,9795,49030
geography/geodata/elevation,3270,35958,0,9795,49023
geography/geodata/elevation/usa,3270,35958,0,9795,49023
geography/geodata/elevation/usa/Copernicus_DSM_COG_30_N24_00_W075_00_DEM,1,11,0,3,15
geography/geodata/elevation/usa/Copernicus_DSM_COG_30_N24_00_W076_00_DEM,1,11,0,3,15
geography/geodata/elevation/usa/Copernicus_DSM_COG_30_N24_00_W077_00_DEM,1,11,0,3,15
geography/geodata/elevation/usa/Copernicus_DSM_COG_30_N24_00_W078_00_DEM,1,11,0,3,15
geography/geodata/elevation/usa/Copernicus_DSM_COG_30_N24_00_W079_00_DEM,1,11,0,3,15
geography/geodata/elevation/usa/Copernicus_DSM_COG_30_N24_00_W080_00_DEM,1,11,0,3,15
geography/geodata/elevation/usa/Copernicus_DSM_COG_30_N24_00_W081_00_DEM,1,11,0,3,15
geography/geodata/elevation/usa/Copernicus_DSM_COG_30_N24_00_W082_00_DEM,1,11,0,3,15
geography/geodata/elevation/usa/Copernicus_DSM_COG_30_N24_00_W083_00_DEM,1,11,0,3,15
geography/geodata/elevation/usa/Copernicus_DSM_COG_30_N24_00_W098_00_DEM,1,11,0,3,15
geography/geodata/elevation/usa/Copernicus_DSM_COG_30_N24_00_W099_00_DEM,1,11,0,3,15
geography/geodata/elevation/usa/Copernicus_DSM_COG_30_N24_00_W100_00_DEM,1,11,0,3,15
geography/geodata/elevation/usa/Copernicus_DSM_COG_30_N24_00_W101_00_DEM,1,11,0,3,15
geography/geodata/elevation/usa/Copernicus_DSM_COG_30_N24_00_W102_00_DEM,1,11,0,3,15
geography/geodata/elevation/usa/Copernicus_DSM_COG_30_N24_00_W103_00_DEM,1,11,0,3,15
geography/geodata/elevation/usa/Copernicus_DSM_COG_30_N24_00_W104_00_DEM,1,11,0,3,15
geography/geodata/elevation/usa/Copernicus_DSM_COG_30_N24_00_W105_00_DEM,1,11,0,3,15
geography/geodata/elevation/usa/Copernicus_DSM_COG_30_N24_00_W107_00_DEM,1,11,0,3,15
geography/geodata/elevation/usa/Copernicus_DSM_COG_30_N24_00_W108_00_DEM,1,11,0,3,15
geography/geodata/elevation/usa/Copernicus_DSM_COG_30_N24_00_W109_00_DEM,1,11,0,3,15
geography/geodata/elevation/usa/Copernicus_DSM_COG_30_N24_00_W110_00_DEM,1,11,0,3,15
geography/geodata/elevation/usa/Copernicus_DSM_COG_30_N24_00_W111_00_DEM,1,11,0,3,15
geography/geodata/elevation/usa/Copernicus_DSM_COG_30_N24_00_W112_00_DEM,1,11,0,3,15
geography/geodata/elevation/usa/Copernicus_DSM_COG_30_N24_00_W113_00_DEM,1,11,0,3,15
geography/geodata/elevation/usa/Copernicus_DSM_COG_30_N24_00_W116_00_DEM,1,11,0,3,15
geography/geodata/elevation/usa/Copernicus_DSM_COG_30_N24_00_W168_00_DEM,1,11,0,3,15
geography/geodata/elevation/usa/Copernicus_DSM_COG_30_N24_00_W169_00_DEM,1,11,0,3,15
geography/geodata/elevation/usa/Copernicus_DSM_COG_30_N25_00_W077_00_DEM,1,11,0,3,15
geography/geodata/elevation/usa/Copernicus_DSM_COG_30_N25_00_W078_00_DEM,1,11,0,3,15
geography/geodata/elevation/usa/Copernicus_DSM_COG_30_N25_00_W079_00_DEM,1,11,0,3,15
geography/geodata/elevation/usa/Copernicus_DSM_COG_30_N25_00_W080_00_DEM,1,11,0,3,15
geography/geodata/elevation/usa/Copernicus_DSM_COG_30_N25_00_W081_00_DEM,1,11,0,3,15
geography/geodata/elevation/usa/Copernicus_DSM_COG_30_N25_00_W082_00_DEM,1,11,0,3,15
geography/geodata/elevation/usa/Copernicus_DSM_COG_30_N25_00_W098_00_DEM,1,11,0,3,15
geography/geodata/elevation/usa/Copernicus_DSM_COG_30_N25_00_W099_00_DEM,1,11,0,3,15
geography/geodata/elevation/usa/Copernicus_DSM_COG_30_N25_00_W100_00_DEM,1,11,0,3,15
geography/geodata/elevation/usa/Copernicus_DSM_COG_30_N25_00_W101_00_DEM,1,11,0,3,15
geography/geodata/elevation/usa/Copernicus_DSM_COG_30_N25_00_W102_00_DEM,1,11,0,3,15
geography/geodata/elevation/usa/Copernicus_DSM_COG_30_N25_00_W103_00_DEM,1,11,0,3,15
geography/geodata/elevation/usa/Copernicus_DSM_COG_30_N25_00_W104_00_DEM,1,11,0,3,15
geography/geodata/elevation/usa/Copernicus_DSM_COG_30_N25_00_W105_00_DEM,1,11,0,3,15
geography/geodata/elevation/usa/Copernicus_DSM_COG_30_N25_00_W106_00_DEM,1,11,0,3,15
geography/geodata/elevation/usa/Copernicus_DSM_COG_30_N25_00_W107_00_DEM,1,11,0,3,15
geography/geodata/elevation/usa/Copernicus_DSM_COG_30_N25_00_W108_00_DEM,1,11,0,3,15
geography/geodata/elevation/usa/Copernicus_DSM_COG_30_N25_00_W109_00_DEM,1,11,0,3,15
geography/geodata/elevation/usa/Copernicus_DSM_COG_30_N25_00_W110_00_DEM,1,11,0,3,15
geography/geodata/elevation/usa/Copernicus_DSM_COG_30_N25_00_W111_00_DEM,1,11,0,3,15
geography/geodata/elevation/usa/Copernicus_DSM_COG_30_N25_00_W112_00_DEM,1,11,0,3,15
geography/geodata/elevation/usa/Copernicus_DSM_COG_30_N25_00_W113_00_DEM,1,11,0,3,15
geography/geodata/elevation/usa/Copernicus_DSM_COG_30_N25_00_W168_00_DEM,1,11,0,3,15
geography/geodata/elevation/usa/Copernicus_DSM_COG_30_N25_00_W169_00_DEM,1,11,0,3,15
geography/geodata/elevation/usa/Copernicus_DSM_COG_30_N25_00_W172_00_DEM,1,11,0,3,15
geography/geodata/elevation/usa/Copernicus_DSM_COG_30_N26_00_W077_00_DEM,1,11,0,3,15
geography/geodata/elevation/usa/Copernicus_DSM_COG_30_N26_00_W078_00_DEM,1,11,0,3,15
geography/geodata/elevation/usa/Copernicus_DSM_COG_30_N26_00_W079_00_DEM,1,11,0,3,15
geography/geodata/elevation/usa/Copernicus_DSM_COG_30_N26_00_W080_00_DEM,1,11,0,3,15
geography/geodata/elevation/usa/Copernicus_DSM_COG_30_N26_00_W081_00_DEM,1,11,0,3,15
geography/geodata/elevation/usa/Copernicus_DSM_COG_30_N26_00_W082_00_DEM,1,11,0,3,15
geography/geodata/elevation/usa/Copernicus_DSM_COG_30_N26_00_W083_00_DEM,1,11,0,3,15
geography/geodata/elevation/usa/Copernicus_DSM_COG_30_N26_00_W098_00_DEM,1,11,0,3,15
geography/geodata/elevation/usa/Copernicus_DSM_COG_30_N26_00_W099_00_DEM,1,11,0,3,15
geography/geodata/elevation/usa/Copernicus_DSM_COG_30_N26_00_W100_00_DEM,1,11,0,3,15
geography/geodata/elevation/usa/Copernicus_DSM_COG_30_N26_00_W101_00_DEM,1,11,0,3,15
geography/geodata/elevation/usa/Copernicus_DSM_COG_30_N26_00_W102_00_DEM,1,11,0,3,15
geography/geodata/elevation/usa/Copernicus_DSM_COG_30_N26_00_W103_00_DEM,1,11,0,3,15
geography/geodata/elevation/usa/Copernicus_DSM_COG_30_N26_00_W104_00_DEM,1,11,0,3,15
geography/geodata/elevation/usa/Copernicus_DSM_COG_30_N26_00_W105_00_DEM,1,11,0,3,15
geography/geodata/elevation/usa/Copernicus_DSM_COG_30_N26_00_W106_00_DEM,1,11,0,3,15
geography/geodata/elevation/usa/Copernicus_DSM_COG_30_N26_00_W107_00_DEM,1,11,0,3,15
geography/geodata/elevation/usa/Copernicus_DSM_COG_30_N26_00_W108_00_DEM,1,11,0,3,15
geography/geodata/elevation/usa/Copernicus_DSM_COG_30_N26_00_W109_00_DEM,1,11,0,3,15
geography/geodata/elevation/usa/Copernicus_DSM_COG_30_N26_00_W110_00_DEM,1,11,0,3,15
geography/geodata/elevation/usa/Copernicus_DSM_COG_30_N26_00_W112_00_DEM,1,11,0,3,15
geography/geodata/elevation/usa/Copernicus_DSM_COG_30_N26_00_W113_00_DEM,1,11,0,3,15
geography/geodata/elevation/usa/Copernicus_DSM_COG_30_N26_00_W114_00_DEM,1,11,0,3,15
geography/geodata/elevation/usa/Copernicus_DSM_COG_30_N26_00_W115_00_DEM,1,11,0,3,15
geography/geodata/elevation/usa/Copernicus_DSM_COG_30_N26_00_W174_00_DEM,1,11,0,3,15
geography/geodata/elevation/usa/Copernicus_DSM_COG_30_N27_00_W078_00_DEM,1,11,0,3,15
geography/geodata/elevation/usa/Copernicus_DSM_COG_30_N27_00_W079_00_DEM,1,11,0,3,15
geography/geodata/elevation/usa/Copernicus_DSM_COG_30_N27_00_W081_00_DEM,1,11,0,3,15
geography/geodata/elevation/usa/Copernicus_DSM_COG_30_N27_00_W082_00_DEM,1,11,0,3,15
geography/geodata/elevation/usa/Copernicus_DSM_COG_30_N27_00_W083_00_DEM,1,11,0,3,15
geography/geodata/elevation/usa/Copernicus_DSM_COG_30_N27_00_W097_00_DEM,1,11,0,3,15
geography/geodata/elevation/usa/Copernicus_DSM_COG_30_N27_00_W098_00_DEM,1,11,0,3,15
geography/geodata/elevation/usa/Copernicus_DSM_COG_30_N27_00_W099_00_DEM,1,11,0,3,15
geography/geodata/elevation/usa/Copernicus_DSM_COG_30_N27_00_W100_00_DEM,1,11,0,3,15
geography/geodata/elevation/usa/Copernicus_DSM_COG_30_N27_00_W101_00_DEM,1,11,0,3,15
geography/geodata/elevation/usa/Copernicus_DSM_COG_30_N27_00_W102_00_DEM,1,11,0,3,15
geography/geodata/elevation/usa/Copernicus_DSM_COG_30_N27_00_W103_00_DEM,1,11,0,3,15
geography/geodata/elevation/usa/Copernicus_DSM_COG_30_N27_00_W104_00_DEM,1,11,0,3,15
geography/geodata/elevation/usa/Copernicus_DSM_COG_30_N27_00_W105_00_DEM,1,11,0,3,15
geography/geodata/elevation/usa/Copernicus_DSM_COG_30_N27_00_W106_00_DEM,1,11,0,3,15
geography/geodata/elevation/usa/Copernicus_DSM_COG_30_N27_00_W107_00_DEM,1,11,0,3,15
geography/geodata/elevation/usa/Copernicus_DSM_COG_30_N27_00_W108_00_DEM,1,11,0,3,15
geography/geodata/elevation/usa/Copernicus_DSM_COG_30_N27_00_W109_00_DEM,1,11,0,3,15
geography/geodata/elevation/usa/Copernicus_DSM_COG_30_N27_00_W110_00_DEM,1,11,0,3,15
geography/geodata/elevation/usa/Copernicus_DSM_COG_30_N27_00_W111_00_DEM,0,1,0,0,1
geography/geodata/elevation/usa/Copernicus_DSM_COG_30_N27_00_W112_00_DEM,1,11,0,3,15
geography/geodata/elevation/usa/Copernicus_DSM_COG_30_N27_00_W113_00_DEM,1,11,0,3,15
geography/geodata/elevation/usa/Copernicus_DSM_COG_30_N27_00_W114_00_DEM,1,11,0,3,15
geography/geodata/elevation/usa/Copernicus_DSM_COG_30_N27_00_W115_00_DEM,1,11,0,3,15
geography/geodata/elevation/usa/Copernicus_DSM_COG_30_N27_00_W116_00_DEM,1,11,0,3,15
geography/geodata/elevation/usa/Copernicus_DSM_COG_30_N27_00_W176_00_DEM,1,11,0,3,15
geography/geodata/elevation/usa/Copernicus_DSM_COG_30_N28_00_W081_00_DEM,1,11,0,3,15
geography/geodata/elevation/usa/Copernicus_DSM_COG_30_N28_00_W082_00_DEM,1,11,0,3,15
geography/geodata/elevation/usa/Copernicus_DSM_COG_30_N28_00_W083_00_DEM,1,11,0,3,15
geography/geodata/elevation/usa/Copernicus_DSM_COG_30_N28_00_W090_00_DEM,1,11,0,3,15
geography/geodata/elevation/usa/Copernicus_DSM_COG_30_N28_00_W096_00_DEM,1,11,0,3,15
geography/geodata/elevation/usa/Copernicus_DSM_COG_30_N28_00_W097_00_DEM,1,11,0,3,15
geography/geodata/elevation/usa/Copernicus_DSM_COG_30_N28_00_W098_00_DEM,1,11,0,3,15
geography/geodata/elevation/usa/Copernicus_DSM_COG_30_N28_00_W099_00_DEM,1,11,0,3,15
geography/geodata/elevation/usa/Copernicus_DSM_COG_30_N28_00_W100_00_DEM,1,11,0,3,15
geography/geodata/elevation/usa/Copernicus_DSM_COG_30_N28_00_W101_00_DEM,1,11,0,3,15
geography/geodata/elevation/usa/Copernicus_DSM_COG_30_N28_00_W102_00_DEM,1,11,0,3,15
geography/geodata/elevation/usa/Copernicus_DSM_COG_30_N28_00_W103_00_DEM,1,11,0,3,15
geography/geodata/elevation/usa/Copernicus_DSM_COG_30_N28_00_W104_00_DEM,1,11,0,3,15
geography/geodata/elevation/usa/Copernicus_DSM_COG_30_N28_00_W105_00_DEM,1,11,0,3,15
geography/geodata/elevation/usa/Copernicus_DSM_COG_30_N28_00_W106_00_DEM,1,11,0,3,15
geography/geodata/elevation/usa/Copernicus_DSM_COG_30_N28_00_W107_00_DEM,1,11,0,3,15
geography/geodata/elevation/usa/Copernicus_DSM_COG_30_N28_00_W108_00_DEM,1,11,0,3,15
geography/geodata/elevation/usa/Copernicus_DSM_COG_30_N28_00_W109_00_DEM,1,11,0,3,15
geography/geodata/elevation/usa/Copernicus_DSM_COG_30_N28_00_W110_00_DEM,1,11,0,3,15
geography/geodata/elevation/usa/Copernicus_DSM_COG_30_N28_00_W111_00_DEM,1,11,0,3,15
geography/geodata/elevation/usa/Copernicus_DSM_COG_30_N28_00_W112_00_DEM,1,11,0,3,15
geography/geodata/elevation/usa/Copernicus_DSM_COG_30_N28_00_W113_00_DEM,1,11,0,3,15
geography/geodata/elevation/usa/Copernicus_DSM_COG_30_N28_00_W114_00_DEM,1,11,0,3,15
geography/geodata/elevation/usa/Copernicus_DSM_COG_30_N28_00_W115_00_DEM,1,11,0,3,15
geography/geodata/elevation/usa/Copernicus_DSM_COG_30_N28_00_W116_00_DEM,1,11,0,3,15
geography/geodata/elevation/usa/Copernicus_DSM_COG_30_N28_00_W119_00_DEM,1,11,0,3,15
geography/geodata/elevation/usa/Copernicus_DSM_COG_30_N28_00_W178_00_DEM,1,11,0,3,15
geography/geodata/elevation/usa/Copernicus_DSM_COG_30_N28_00_W179_00_DEM,1,11,0,3,15
geography/geodata/elevation/usa/Copernicus_DSM_COG_30_N29_00_W081_00_DEM,1,11,0,3,15
geography/geodata/elevation/usa/Copernicus_DSM_COG_30_N29_00_W082_00_DEM,1,11,0,3,15
geography/geodata/elevation/usa/Copernicus_DSM_COG_30_N29_00_W083_00_DEM,1,11,0,3,15
geography/geodata/elevation/usa/Copernicus_DSM_COG_30_N29_00_W084_00_DEM,1,11,0,3,15
geography/geodata/elevation/usa/Copernicus_DSM_COG_30_N29_00_W085_00_DEM,1,11,0,3,15
geography/geodata/elevation/usa/Copernicus_DSM_COG_30_N29_00_W086_00_DEM,1,11,0,3,15
geography/geodata/elevation/usa/Copernicus_DSM_COG_30_N29_00_W089_00_DEM,1,11,0,3,15
geography/geodata/elevation/usa/Copernicus_DSM_COG_30_N29_00_W090_00_DEM,1,11,0,3,15
geography/geodata/elevation/usa/Copernicus_DSM_COG_30_N29_00_W091_00_DEM,1,11,0,3,15
geography/geodata/elevation/usa/Copernicus_DSM_COG_30_N29_00_W092_00_DEM,1,11,0,3,15
geography/geodata/elevation/usa/Copernicus_DSM_COG_30_N29_00_W093_00_DEM,1,11,0,3,15
geography/geodata/elevation/usa/Copernicus_DSM_COG_30_N29_00_W094_00_DEM,1,11,0,3,15
geography/geodata/elevation/usa/Copernicus_DSM_COG_30_N29_00_W095_00_DEM,1,11,0,3,15
geography/geodata/elevation/usa/Copernicus_DSM_COG_30_N29_00_W096_00_DEM,1,11,0,3,15
geography/geodata/elevation/usa/Copernicus_DSM_COG_30_N29_00_W097_00_DEM,1,11,0,3,15
geography/geodata/elevation/usa/Copernicus_DSM_COG_30_N29_00_W098_00_DEM,1,11,0,3,15
geography/geodata/elevation/usa/Copernicus_DSM_COG_30_N29_00_W099_00_DEM,1,11,0,3,15
geography/geodata/elevation/usa/Copernicus_DSM_COG_30_N29_00_W100_00_DEM,1,11,0,3,15
geography/geodata/elevation/usa/Copernicus_DSM_COG_30_N29_00_W101_00_DEM,1,11,0,3,15
geography/geodata/elevation/usa/Copernicus_DSM_COG_30_N29_00_W102_00_DEM,1,11,0,3,15
geography/geodata/elevation/usa/Copernicus_DSM_COG_30_N29_00_W103_00_DEM,1,11,0,3,15
geography/geodata/elevation/usa/Copernicus_DSM_COG_30_N29_00_W104_00_DEM,1,11,0,3,15
geography/geodata/elevation/usa/Copernicus_DSM_COG_30_N29_00_W105_00_DEM,1,11,0,3,15
geography/geodata/elevation/usa/Copernicus_DSM_COG_30_N29_00_W106_00_DEM,1,11,0,3,15
geography/geodata/elevation/usa/Copernicus_DSM_COG_30_N29_00_W107_00_DEM,1,11,0,3,15
geography/geodata/elevation/usa/Copernicus_DSM_COG_30_N29_00_W108_00_DEM,1,11,0,3,15
geography/geodata/elevation/usa/Copernicus_DSM_COG_30_N29_00_W109_00_DEM,1,11,0,3,15
geography/geodata/elevation/usa/Copernicus_DSM_COG_30_N29_00_W110_00_DEM,1,11,0,3,15
geography/geodata/elevation/usa/Copernicus_DSM_COG_30_N29_00_W111_00_DEM,1,11,0,3,15
geography/geodata/elevation/usa/Copernicus_DSM_COG_30_N29_00_W112_00_DEM,1,11,0,3,15
geography/geodata/elevation/usa/Copernicus_DSM_COG_30_N29_00_W113_00_DEM,1,11,0,3,15
geography/geodata/elevation/usa/Copernicus_DSM_COG_30_N29_00_W114_00_DEM,1,11,0,3,15
geography/geodata/elevation/usa/Copernicus_DSM_COG_30_N29_00_W115_00_DEM,1,11,0,3,15
geography/geodata/elevation/usa/Copernicus_DSM_COG_30_N29_00_W116_00_DEM,1,11,0,3,15
geography/geodata/elevation/usa/Copernicus_DSM_COG_30_N29_00_W119_00_DEM,1,11,0,3,15
geography/geodata/elevation/usa/Copernicus_DSM_COG_30_N30_00_W082_00_DEM,1,11,0,3,15
geography/geodata/elevation/usa/Copernicus_DSM_COG_30_N30_00_W083_00_DEM,1,11,0,3,15
geography/geodata/elevation/usa/Copernicus_DSM_COG_30_N30_00_W084_00_DEM,1,11,0,3,15
geography/geodata/elevation/usa/Copernicus_DSM_COG_30_N30_00_W085_00_DEM,1,11,0,3,15
geography/geodata/elevation/usa/Copernicus_DSM_COG_30_N30_00_W086_00_DEM,1,11,0,3,15
geography/geodata/elevation/usa/Copernicus_DSM_COG_30_N30_00_W087_00_DEM,1,11,0,3,15
geography/geodata/elevation/usa/Copernicus_DSM_COG_30_N30_00_W088_00_DEM,1,11,0,3,15
geography/geodata/elevation/usa/Copernicus_DSM_COG_30_N30_00_W089_00_DEM,1,11,0,3,15
geography/geodata/elevation/usa/Copernicus_DSM_COG_30_N30_00_W090_00_DEM,1,11,0,3,15
geography/geodata/elevation/usa/Copernicus_DSM_COG_30_N30_00_W091_00_DEM,1,11,0,3,15
geography/geodata/elevation/usa/Copernicus_DSM_COG_30_N30_00_W092_00_DEM,1,11,0,3,15
geography/geodata/elevation/usa/Copernicus_DSM_COG_30_N30_00_W093_00_DEM,1,11,0,3,15
geography/geodata/elevation/usa/Copernicus_DSM_COG_30_N30_00_W094_00_DEM,1,11,0,3,15
geography/geodata/elevation/usa/Copernicus_DSM_COG_30_N30_00_W095_00_DEM,1,11,0,3,15
geography/geodata/elevation/usa/Copernicus_DSM_COG_30_N30_00_W096_00_DEM,1,11,0,3,15
geography/geodata/elevation/usa/Copernicus_DSM_COG_30_N30_00_W097_00_DEM,1,11,0,3,15
geography/geodata/elevation/usa/Copernicus_DSM_COG_30_N30_00_W098_00_DEM,1,11,0,3,15
geography/geodata/elevation/usa/Copernicus_DSM_COG_30_N30_00_W099_00_DEM,1,11,0,3,15
geography/geodata/elevation/usa/Copernicus_DSM_COG_30_N30_00_W100_00_DEM,1,11,0,3,15
geography/geodata/elevation/usa/Copernicus_DSM_COG_30_N30_00_W101_00_DEM,1,11,0,3,15
geography/geodata/elevation/usa/Copernicus_DSM_COG_30_N30_00_W102_00_DEM,1,11,0,3,15
geography/geodata/elevation/usa/Copernicus_DSM_COG_30_N30_00_W103_00_DEM,1,11,0,3,15
geography/geodata/elevation/usa/Copernicus_DSM_COG_30_N30_00_W104_00_DEM,1,11,0,3,15
geography/geodata/elevation/usa/Copernicus_DSM_COG_30_N30_00_W105_00_DEM,1,11,0,3,15
geography/geodata/elevation/usa/Copernicus_DSM_COG_30_N30_00_W106_00_DEM,1,11,0,3,15
geography/geodata/elevation/usa/Copernicus_DSM_COG_30_N30_00_W107_00_DEM,1,11,0,3,15
geography/geodata/elevation/usa/Copernicus_DSM_COG_30_N30_00_W108_00_DEM,1,11,0,3,15
geography/geodata/elevation/usa/Copernicus_DSM_COG_30_N30_00_W109_00_DEM,1,11,0,3,15
geography/geodata/elevation/usa/Copernicus_DSM_COG_30_N30_00_W110_00_DEM,1,11,0,3,15
geography/geodata/elevation/usa/Copernicus_DSM_COG_30_N30_00_W111_00_DEM,1,11,0,3,15
geography/geodata/elevation/usa/Copernicus_DSM_COG_30_N30_00_W112_00_DEM,1,11,0,3,15
geography/geodata/elevation/usa/Copernicus_DSM_COG_30_N30_00_W113_00_DEM,1,11,0,3,15
geography/geodata/elevation/usa/Copernicus_DSM_COG_30_N30_00_W114_00_DEM,1,11,0,2,14
geography/geodata/elevation/usa/Copernicus_DSM_COG_30_N30_00_W115_00_DEM,1,11,0,3,15
geography/geodata/elevation/usa/Copernicus_DSM_COG_30_N30_00_W116_00_DEM,1,11,0,3,15
geography/geodata/elevation/usa/Copernicus_DSM_COG_30_N30_00_W117_00_DEM,1,11,0,3,15
geography/geodata/elevation/usa/Copernicus_DSM_COG_30_N31_00_W081_00_DEM,1,11,0,3,15
geography/geodata/elevation/usa/Copernicus_DSM_COG_30_N31_00_W082_00_DEM,1,11,0,3,15
geography/geodata/elevation/usa/Copernicus_DSM_COG_30_N31_00_W083_00_DEM,1,11,0,3,15
geography/geodata/elevation/usa/Copernicus_DSM_COG_30_N31_00_W084_00_DEM,1,11,0,3,15
geography/geodata/elevation/usa/Copernicus_DSM_COG_30_N31_00_W085_00_DEM,1,10,0,3,14
geography/geodata/elevation/usa/Copernicus_DSM_COG_30_N31_00_W086_00_DEM,1,11,0,3,15
geography/geodata/elevation/usa/Copernicus_DSM_COG_30_N31_00_W087_00_DEM,1,11,0,3,15
geography/geodata/elevation/usa/Copernicus_DSM_COG_30_N31_00_W088_00_DEM,1,11,0,3,15
geography/geodata/elevation/usa/Copernicus_DSM_COG_30_N31_00_W089_00_DEM,1,9,0,2,12
geography/geodata/elevation/usa/Copernicus_DSM_COG_30_N31_00_W090_00_DEM,1,11,0,3,15
geography/geodata/elevation/usa/Copernicus_DSM_COG_30_N31_00_W091_00_DEM,1,11,0,3,15
geography/geodata/elevation/usa/Copernicus_DSM_COG_30_N31_00_W092_00_DEM,1,11,0,3,15
geography/geodata/elevation/usa/Copernicus_DSM_COG_30_N31_00_W093_00_DEM,1,11,0,3,15
geography/geodata/elevation/usa/Copernicus_DSM_COG_30_N31_00_W094_00_DEM,1,11,0,3,15
geography/geodata/elevation/usa/Copernicus_DSM_COG_30_N31_00_W095_00_DEM,1,11,0,3,15
geography/geodata/elevation/usa/Copernicus_DSM_COG_30_N31_00_W096_00_DEM,1,11,0,3,15
geography/geodata/elevation/usa/Copernicus_DSM_COG_30_N31_00_W097_00_DEM,1,11,0,3,15
geography/geodata/elevation/usa/Copernicus_DSM_COG_30_N31_00_W098_00_DEM,1,11,0,3,15
geography/geodata/elevation/usa/Copernicus_DSM_COG_30_N31_00_W099_00_DEM,1,11,0,3,15
geography/geodata/elevation/usa/Copernicus_DSM_COG_30_N31_00_W100_00_DEM,1,11,0,2,14
geography/geodata/elevation/usa/Copernicus_DSM_COG_30_N31_00_W101_00_DEM,1,11,0,3,15
geography/geodata/elevation/usa/Copernicus_DSM_COG_30_N31_00_W102_00_DEM,1,11,0,3,15
geography/geodata/elevation/usa/Copernicus_DSM_COG_30_N31_00_W103_00_DEM,1,11,0,3,15
geography/geodata/elevation/usa/Copernicus_DSM_COG_30_N31_00_W104_00_DEM,1,11,0,3,15
geography/geodata/elevation/usa/Copernicus_DSM_COG_30_N31_00_W105_00_DEM,1,11,0,3,15
geography/geodata/elevation/usa/Copernicus_DSM_COG_30_N31_00_W106_00_DEM,1,9,0,2,12
geography/geodata/elevation/usa/Copernicus_DSM_COG_30_N31_00_W107_00_DEM,1,11,0,3,15
geography/geodata/elevation/usa/Copernicus_DSM_COG_30_N31_00_W108_00_DEM,1,11,0,3,15
geography/geodata/elevation/usa/Copernicus_DSM_COG_30_N31_00_W109_00_DEM,1,11,0,3,15
geography/geodata/elevation/usa/Copernicus_DSM_COG_30_N31_00_W110_00_DEM,1,11,0,3,15
geography/geodata/elevation/usa/Copernicus_DSM_COG_30_N31_00_W111_00_DEM,1,11,0,3,15
geography/geodata/elevation/usa/Copernicus_DSM_COG_30_N31_00_W112_00_DEM,1,11,0,3,15
geography/geodata/elevation/usa/Copernicus_DSM_COG_30_N31_00_W113_00_DEM,1,11,0,3,15
geography/geodata/elevation/usa/Copernicus_DSM_COG_30_N31_00_W114_00_DEM,1,11,0,3,15
geography/geodata/elevation/usa/Copernicus_DSM_COG_30_N31_00_W115_00_DEM,1,11,0,3,15
geography/geodata/elevation/usa/Copernicus_DSM_COG_30_N31_00_W116_00_DEM,1,11,0,3,15
geography/geodata/elevation/usa/Copernicus_DSM_COG_30_N31_00_W117_00_DEM,1,11,0,3,15
geography/geodata/elevation/usa/Copernicus_DSM_COG_30_N32_00_W065_00_DEM,1,11,0,3,15
geography/geodata/elevation/usa/Copernicus_DSM_COG_30_N32_00_W080_00_DEM,1,11,0,3,15
geography/geodata/elevation/usa/Copernicus_DSM_COG_30_N32_00_W081_00_DEM,1,11,0,3,15
geography/geodata/elevation/usa/Copernicus_DSM_COG_30_N32_00_W082_00_DEM,1,11,0,3,15
geography/geodata/elevation/usa/Copernicus_DSM_COG_30_N32_00_W083_00_DEM,1,11,0,3,15
geography/geodata/elevation/usa/Copernicus_DSM_COG_30_N32_00_W084_00_DEM,1,11,0,3,15
geography/geodata/elevation/usa/Copernicus_DSM_COG_30_N32_00_W085_00_DEM,1,11,0,3,15
geography/geodata/elevation/usa/Copernicus_DSM_COG_30_N32_00_W086_00_DEM,1,11,0,3,15
geography/geodata/elevation/usa/Copernicus_DSM_COG_30_N32_00_W087_00_DEM,1,10,0,3,14
geography/geodata/elevation/usa/Copernicus_DSM_COG_30_N32_00_W088_00_DEM,1,11,0,3,15
geography/geodata/elevation/usa/Copernicus_DSM_COG_30_N32_00_W089_00_DEM,1,11,0,2,14
geography/geodata/elevation/usa/Copernicus_DSM_COG_30_N32_00_W090_00_DEM,1,11,0,3,15
geography/geodata/elevation/usa/Copernicus_DSM_COG_30_N32_00_W091_00_DEM,1,11,0,3,15
geography/geodata/elevation/usa/Copernicus_DSM_COG_30_N32_00_W092_00_DEM,1,11,0,3,15
geography/geodata/elevation/usa/Copernicus_DSM_COG_30_N32_00_W093_00_DEM,0,11,0,2,13
geography/geodata/elevation/usa/Copernicus_DSM_COG_30_N32_00_W094_00_DEM,1,11,0,3,15
geography/geodata/elevation/usa/Copernicus_DSM_COG_30_N32_00_W095_00_DEM,1,11,0,3,15
geography/geodata/elevation/usa/Copernicus_DSM_COG_30_N32_00_W096_00_DEM,1,11,0,3,15
geography/geodata/elevation/usa/Copernicus_DSM_COG_30_N32_00_W097_00_DEM,1,10,0,3,14
geography/geodata/elevation/usa/Copernicus_DSM_COG_30_N32_00_W098_00_DEM,1,11,0,3,15
geography/geodata/elevation/usa/Copernicus_DSM_COG_30_N32_00_W099_00_DEM,1,11,0,3,15
geography/geodata/elevation/usa/Copernicus_DSM_COG_30_N32_00_W100_00_DEM,1,11,0,3,15
geography/geodata/elevation/usa/Copernicus_DSM_COG_30_N32_00_W101_00_DEM,1,11,0,3,15
geography/geodata/elevation/usa/Copernicus_DSM_COG_30_N32_00_W102_00_DEM,1,11,0,3,15
geography/geodata/elevation/usa/Copernicus_DSM_COG_30_N32_00_W103_00_DEM,1,11,0,3,15
geography/geodata/elevation/usa/Copernicus_DSM_COG_30_N32_00_W104_00_DEM,1,11,0,3,15
geography/geodata/elevation/usa/Copernicus_DSM_COG_30_N32_00_W105_00_DEM,1,11,0,3,15
geography/geodata/elevation/usa/Copernicus_DSM_COG_30_N32_00_W106_00_DEM,1,11,0,3,15
geography/geodata/elevation/usa/Copernicus_DSM_COG_30_N32_00_W107_00_DEM,1,10,0,3,14
geography/geodata/elevation/usa/Copernicus_DSM_COG_30_N32_00_W108_00_DEM,1,11,0,3,15
geography/geodata/elevation/usa/Copernicus_DSM_COG_30_N32_00_W109_00_DEM,1,11,0,3,15
geography/geodata/elevation/usa/Copernicus_DSM_COG_30_N32_00_W110_00_DEM,1,11,0,3,15
geography/geodata/elevation/usa/Copernicus_DSM_COG_30_N32_00_W111_00_DEM,1,11,0,3,15
geography/geodata/elevation/usa/Copernicus_DSM_COG_30_N32_00_W112_00_DEM,1,11,0,3,15
geography/geodata/elevation/usa/Copernicus_DSM_COG_30_N32_00_W113_00_DEM,1,11,0,3,15
geography/geodata/elevation/usa/Copernicus_DSM_COG_30_N32_00_W114_00_DEM,1,10,0,3,14
geography/geodata/elevation/usa/Copernicus_DSM_COG_30_N32_00_W115_00_DEM,1,11,0,3,15
geography/geodata/elevation/usa/Copernicus_DSM_COG_30_N32_00_W116_00_DEM,1,11,0,3,15
geography/geodata/elevation/usa/Copernicus_DSM_COG_30_N32_00_W117_00_DEM,1,11,0,3,15
geography/geodata/elevation/usa/Copernicus_DSM_COG_30_N32_00_W118_00_DEM,1,9,0,2,12
geography/geodata/elevation/usa/Copernicus_DSM_COG_30_N32_00_W119_00_DEM,1,11,0,3,15
geography/geodata/elevation/usa/Copernicus_DSM_COG_30_N33_00_W078_00_DEM,1,11,0,3,15
geography/geodata/elevation/usa/Copernicus_DSM_COG_30_N33_00_W079_00_DEM,1,11,0,3,15
geography/geodata/elevation/usa/Copernicus_DSM_COG_30_N33_00_W080_00_DEM,1,11,0,3,15
geography/geodata/elevation/usa/Copernicus_DSM_COG_30_N33_00_W081_00_DEM,1,11,0,3,15
geography/geodata/elevation/usa/Copernicus_DSM_COG_30_N33_00_W082_00_DEM,1,11,0,3,15
geography/geodata/elevation/usa/Copernicus_DSM_COG_30_N33_00_W083_00_DEM,1,11,0,3,15
geography/geodata/elevation/usa/Copernicus_DSM_COG_30_N33_00_W084_00_DEM,1,10,0,3,14
geography/geodata/elevation/usa/Copernicus_DSM_COG_30_N33_00_W085_00_DEM,1,11,0,2,14
geography/geodata/elevation/usa/Copernicus_DSM_COG_30_N33_00_W086_00_DEM,1,11,0,3,15
geography/geodata/elevation/usa/Copernicus_DSM_COG_30_N33_00_W087_00_DEM,1,10,0,3,14
geography/geodata/elevation/usa/Copernicus_DSM_COG_30_N33_00_W088_00_DEM,1,11,0,3,15
geography/geodata/elevation/usa/Copernicus_DSM_COG_30_N33_00_W089_00_DEM,1,11,0,3,15
geography/geodata/elevation/usa/Copernicus_DSM_COG_30_N33_00_W090_00_DEM,1,11,0,3,15
geography/geodata/elevation/usa/Copernicus_DSM_COG_30_N33_00_W091_00_DEM,1,11,0,3,15
geography/geodata/elevation/usa/Copernicus_DSM_COG_30_N33_00_W092_00_DEM,1,11,0,3,15
geography/geodata/elevation/usa/Copernicus_DSM_COG_30_N33_00_W093_00_DEM,1,11,0,3,15
geography/geodata/elevation/usa/Copernicus_DSM_COG_30_N33_00_W094_00_DEM,1,11,0,3,15
geography/geodata/elevation/usa/Copernicus_DSM_COG_30_N33_00_W095_00_DEM,1,11,0,3,15
geography/geodata/elevation/usa/Copernicus_DSM_COG_30_N33_00_W096_00_DEM,1,11,0,3,15
geography/geodata/elevation/usa/Copernicus_DSM_COG_30_N33_00_W097_00_DEM,1,11,0,3,15
geography/geodata/elevation/usa/Copernicus_DSM_COG_30_N33_00_W098_00_DEM,1,11,0,3,15
geography/geodata/elevation/usa/Copernicus_DSM_COG_30_N33_00_W099_00_DEM,1,11,0,3,15
geography/geodata/elevation/usa/Copernicus_DSM_COG_30_N33_00_W100_00_DEM,1,11,0,3,15
geography/geodata/elevation/usa/Copernicus_DSM_COG_30_N33_00_W101_00_DEM,1,11,0,3,15
geography/geodata/elevation/usa/Copernicus_DSM_COG_30_N33_00_W102_00_DEM,1,11,0,3,15
geography/geodata/elevation/usa/Copernicus_DSM_COG_30_N33_00_W103_00_DEM,1,11,0,3,15
geography/geodata/elevation/usa/Copernicus_DSM_COG_30_N33_00_W104_00_DEM,1,11,0,3,15
geography/geodata/elevation/usa/Copernicus_DSM_COG_30_N33_00_W105_00_DEM,1,11,0,3,15
geography/geodata/elevation/usa/Copernicus_DSM_COG_30_N33_00_W106_00_DEM,1,11,0,3,15
geography/geodata/elevation/usa/Copernicus_DSM_COG_30_N33_00_W107_00_DEM,1,11,0,3,15
geography/geodata/elevation/usa/Copernicus_DSM_COG_30_N33_00_W108_00_DEM,1,11,0,3,15
geography/geodata/elevation/usa/Copernicus_DSM_COG_30_N33_00_W109_00_DEM,1,11,0,3,15
geography/geodata/elevation/usa/Copernicus_DSM_COG_30_N33_00_W110_00_DEM,1,11,0,3,15
geography/geodata/elevation/usa/Copernicus_DSM_COG_30_N33_00_W111_00_DEM,1,11,0,3,15
geography/geodata/elevation/usa/Copernicus_DSM_COG_30_N33_00_W112_00_DEM,1,11,0,3,15
geography/geodata/elevation/usa/Copernicus_DSM_COG_30_N33_00_W113_00_DEM,1,11,0,3,15
geography/geodata/elevation/usa/Copernicus_DSM_COG_30_N33_00_W114_00_DEM,1,11,0,3,15
geography/geodata/elevation/usa/Copernicus_DSM_COG_30_N33_00_W115_00_DEM,1,11,0,3,15
geography/geodata/elevation/usa/Copernicus_DSM_COG_30_N33_00_W116_00_DEM,1,11,0,3,15
geography/geodata/elevation/usa/Copernicus_DSM_COG_30_N33_00_W117_00_DEM,1,11,0,3,15
geography/geodata/elevation/usa/Copernicus_DSM_COG_30_N33_00_W118_00_DEM,1,11,0,3,15
geography/geodata/elevation/usa/Copernicus_DSM_COG_30_N33_00_W119_00_DEM,1,11,0,3,15
geography/geodata/elevation/usa/Copernicus_DSM_COG_30_N33_00_W120_00_DEM,1,11,0,3,15
geography/geodata/elevation/usa/Copernicus_DSM_COG_30_N33_00_W121_00_DEM,1,11,0,3,15
geography/geodata/elevation/usa/Copernicus_DSM_COG_30_N34_00_W077_00_DEM,1,11,0,3,15
geography/geodata/elevation/usa/Copernicus_DSM_COG_30_N34_00_W078_00_DEM,1,11,0,3,15
geography/geodata/elevation/usa/Copernicus_DSM_COG_30_N34_00_W079_00_DEM,1,11,0,3,15
geography/geodata/elevation/usa/Copernicus_DSM_COG_30_N34_00_W080_00_DEM,1,11,0,3,15
geography/geodata/elevation/usa/Copernicus_DSM_COG_30_N34_00_W081_00_DEM,1,11,0,3,15
geography/geodata/elevation/usa/Copernicus_DSM_COG_30_N34_00_W082_00_DEM,1,11,0,3,15
geography/geodata/elevation/usa/Copernicus_DSM_COG_30_N34_00_W083_00_DEM,1,11,0,3,15
geography/geodata/elevation/usa/Copernicus_DSM_COG_30_N34_00_W084_00_DEM,1,11,0,3,15
geography/geodata/elevation/usa/Copernicus_DSM_COG_30_N34_00_W085_00_DEM,1,11,0,3,15
geography/geodata/elevation/usa/Copernicus_DSM_COG_30_N34_00_W086_00_DEM,1,11,0,3,15
geography/geodata/elevation/usa/Copernicus_DSM_COG_30_N34_00_W087_00_DEM,1,11,0,3,15
geography/geodata/elevation/usa/Copernicus_DSM_COG_30_N34_00_W088_00_DEM,1,11,0,3,15
geography/geodata/elevation/usa/Copernicus_DSM_COG_30_N34_00_W089_00_DEM,1,11,0,3,15
geography/geodata/elevation/usa/Copernicus_DSM_COG_30_N34_00_W090_00_DEM,1,11,0,3,15
geography/geodata/elevation/usa/Copernicus_DSM_COG_30_N34_00_W091_00_DEM,1,11,0,3,15
geography/geodata/elevation/usa/Copernicus_DSM_COG_30_N34_00_W092_00_DEM,1,11,0,3,15
geography/geodata/elevation/usa/Copernicus_DSM_COG_30_N34_00_W093_00_DEM,1,11,0,3,15
geography/geodata/elevation/usa/Copernicus_DSM_COG_30_N34_00_W094_00_DEM,1,11,0,3,15
geography/geodata/elevation/usa/Copernicus_DSM_COG_30_N34_00_W095_00_DEM,1,11,0,3,15
geography/geodata/elevation/usa/Copernicus_DSM_COG_30_N34_00_W096_00_DEM,1,11,0,3,15
geography/geodata/elevation/usa/Copernicus_DSM_COG_30_N34_00_W097_00_DEM,1,11,0,3,15
geography/geodata/elevation/usa/Copernicus_DSM_COG_30_N34_00_W098_00_DEM,1,11,0,3,15
geography/geodata/elevation/usa/Copernicus_DSM_COG_30_N34_00_W099_00_DEM,1,11,0,3,15
geography/geodata/elevation/usa/Copernicus_DSM_COG_30_N34_00_W100_00_DEM,1,11,0,3,15
geography/geodata/elevation/usa/Copernicus_DSM_COG_30_N34_00_W101_00_DEM,1,11,0,3,15
geography/geodata/elevation/usa/Copernicus_DSM_COG_30_N34_00_W102_00_DEM,1,11,0,3,15
geography/geodata/elevation/usa/Copernicus_DSM_COG_30_N34_00_W103_00_DEM,1,11,0,3,15
geography/geodata/elevation/usa/Copernicus_DSM_COG_30_N34_00_W104_00_DEM,1,11,0,3,15
geography/geodata/elevation/usa/Copernicus_DSM_COG_30_N34_00_W105_00_DEM,1,11,0,3,15
geography/geodata/elevation/usa/Copernicus_DSM_COG_30_N34_00_W106_00_DEM,1,11,0,3,15
geography/geodata/elevation/usa/Copernicus_DSM_COG_30_N34_00_W107_00_DEM,1,11,0,3,15
geography/geodata/elevation/usa/Copernicus_DSM_COG_30_N34_00_W108_00_DEM,1,11,0,3,15
geography/geodata/elevation/usa/Copernicus_DSM_COG_30_N34_00_W109_00_DEM,1,11,0,3,15
geography/geodata/elevation/usa/Copernicus_DSM_COG_30_N34_00_W110_00_DEM,1,11,0,3,15
geography/geodata/elevation/usa/Copernicus_DSM_COG_30_N34_00_W111_00_DEM,1,11,0,3,15
geography/geodata/elevation/usa/Copernicus_DSM_COG_30_N34_00_W112_00_DEM,1,11,0,3,15
geography/geodata/elevation/usa/Copernicus_DSM_COG_30_N34_00_W113_00_DEM,1,11,0,3,15
geography/geodata/elevation/usa/Copernicus_DSM_COG_30_N34_00_W114_00_DEM,1,10,0,2,13
geography/geodata/elevation/usa/Copernicus_DSM_COG_30_N34_00_W115_00_DEM,1,11,0,3,15
geography/geodata/elevation/usa/Copernicus_DSM_COG_30_N34_00_W116_00_DEM,1,11,0,3,15
geography/geodata/elevation/usa/Copernicus_DSM_COG_30_N34_00_W117_00_DEM,1,11,0,3,15
geography/geodata/elevation/usa/Copernicus_DSM_COG_30_N34_00_W118_00_DEM,1,11,0,3,15
geography/geodata/elevation/usa/Copernicus_DSM_COG_30_N34_00_W119_00_DEM,1,11,0,3,15
geography/geodata/elevation/usa/Copernicus_DSM_COG_30_N34_00_W120_00_DEM,1,11,0,3,15
geography/geodata/elevation/usa/Copernicus_DSM_COG_30_N34_00_W121_00_DEM,1,11,0,3,15
geography/geodata/elevation/usa/Copernicus_DSM_COG_30_N35_00_W076_00_DEM,1,11,0,3,15
geography/geodata/elevation/usa/Copernicus_DSM_COG_30_N35_00_W077_00_DEM,1,11,0,3,15
geography/geodata/elevation/usa/Copernicus_DSM_COG_30_N35_00_W078_00_DEM,1,11,0,3,15
geography/geodata/elevation/usa/Copernicus_DSM_COG_30_N35_00_W079_00_DEM,1,11,0,3,15
geography/geodata/elevation/usa/Copernicus_DSM_COG_30_N35_00_W080_00_DEM,1,11,0,3,15
geography/geodata/elevation/usa/Copernicus_DSM_COG_30_N35_00_W081_00_DEM,1,11,0,3,15
geography/geodata/elevation/usa/Copernicus_DSM_COG_30_N35_00_W082_00_DEM,1,11,0,3,15
geography/geodata/elevation/usa/Copernicus_DSM_COG_30_N35_00_W083_00_DEM,1,11,0,3,15
geography/geodata/elevation/usa/Copernicus_DSM_COG_30_N35_00_W084_00_DEM,1,11,0,3,15
geography/geodata/elevation/usa/Copernicus_DSM_COG_30_N35_00_W085_00_DEM,1,11,0,3,15
geography/geodata/elevation/usa/Copernicus_DSM_COG_30_N35_00_W086_00_DEM,1,11,0,3,15
geography/geodata/elevation/usa/Copernicus_DSM_COG_30_N35_00_W087_00_DEM,1,11,0,3,15
geography/geodata/elevation/usa/Copernicus_DSM_COG_30_N35_00_W088_00_DEM,1,11,0,3,15
geography/geodata/elevation/usa/Copernicus_DSM_COG_30_N35_00_W089_00_DEM,1,11,0,3,15
geography/geodata/elevation/usa/Copernicus_DSM_COG_30_N35_00_W090_00_DEM,1,11,0,3,15
geography/geodata/elevation/usa/Copernicus_DSM_COG_30_N35_00_W091_00_DEM,1,11,0,3,15
geography/geodata/elevation/usa/Copernicus_DSM_COG_30_N35_00_W092_00_DEM,1,11,0,3,15
geography/geodata/elevation/usa/Copernicus_DSM_COG_30_N35_00_W093_00_DEM,1,11,0,3,15
geography/geodata/elevation/usa/Copernicus_DSM_COG_30_N35_00_W094_00_DEM,1,9,0,3,13
geography/geodata/elevation/usa/Copernicus_DSM_COG_30_N35_00_W095_00_DEM,1,11,0,3,15
geography/geodata/elevation/usa/Copernicus_DSM_COG_30_N35_00_W096_00_DEM,1,11,0,3,15
geography/geodata/elevation/usa/Copernicus_DSM_COG_30_N35_00_W097_00_DEM,1,11,0,3,15
geography/geodata/elevation/usa/Copernicus_DSM_COG_30_N35_00_W098_00_DEM,1,11,0,3,15
geography/geodata/elevation/usa/Copernicus_DSM_COG_30_N35_00_W099_00_DEM,1,11,0,3,15
geography/geodata/elevation/usa/Copernicus_DSM_COG_30_N35_00_W100_00_DEM,1,11,0,3,15
geography/geodata/elevation/usa/Copernicus_DSM_COG_30_N35_00_W101_00_DEM,1,11,0,3,15
geography/geodata/elevation/usa/Copernicus_DSM_COG_30_N35_00_W102_00_DEM,1,11,0,3,15
geography/geodata/elevation/usa/Copernicus_DSM_COG_30_N35_00_W103_00_DEM,1,11,0,3,15
geography/geodata/elevation/usa/Copernicus_DSM_COG_30_N35_00_W104_00_DEM,1,11,0,3,15
geography/geodata/elevation/usa/Copernicus_DSM_COG_30_N35_00_W105_00_DEM,1,11,0,3,15
geography/geodata/elevation/usa/Copernicus_DSM_COG_30_N35_00_W106_00_DEM,1,11,0,3,15
geography/geodata/elevation/usa/Copernicus_DSM_COG_30_N35_00_W107_00_DEM,1,11,0,3,15
geography/geodata/elevation/usa/Copernicus_DSM_COG_30_N35_00_W108_00_DEM,1,11,0,3,15
geography/geodata/elevation/usa/Copernicus_DSM_COG_30_N35_00_W109_00_DEM,1,11,0,3,15
geography/geodata/elevation/usa/Copernicus_DSM_COG_30_N35_00_W110_00_DEM,1,11,0,3,15
geography/geodata/elevation/usa/Copernicus_DSM_COG_30_N35_00_W111_00_DEM,1,11,0,3,15
geography/geodata/elevation/usa/Copernicus_DSM_COG_30_N35_00_W112_00_DEM,1,11,0,3,15
geography/geodata/elevation/usa/Copernicus_DSM_COG_30_N35_00_W113_00_DEM,1,11,0,3,15
geography/geodata/elevation/usa/Copernicus_DSM_COG_30_N35_00_W114_00_DEM,1,11,0,3,15
geography/geodata/elevation/usa/Copernicus_DSM_COG_30_N35_00_W115_00_DEM,1,11,0,3,15
geography/geodata/elevation/usa/Copernicus_DSM_COG_30_N35_00_W116_00_DEM,1,11,0,3,15
geography/geodata/elevation/usa/Copernicus_DSM_COG_30_N35_00_W117_00_DEM,1,11,0,3,15
geography/geodata/elevation/usa/Copernicus_DSM_COG_30_N35_00_W118_00_DEM,1,11,0,3,15
geography/geodata/elevation/usa/Copernicus_DSM_COG_30_N35_00_W119_00_DEM,1,11,0,3,15
geography/geodata/elevation/usa/Copernicus_DSM_COG_30_N35_00_W120_00_DEM,1,11,0,3,15
geography/geodata/elevation/usa/Copernicus_DSM_COG_30_N35_00_W121_00_DEM,1,11,0,3,15
geography/geodata/elevation/usa/Copernicus_DSM_COG_30_N35_00_W122_00_DEM,1,11,0,3,15
geography/geodata/elevation/usa/Copernicus_DSM_COG_30_N36_00_W076_00_DEM,1,11,0,3,15
geography/geodata/elevation/usa/Copernicus_DSM_COG_30_N36_00_W077_00_DEM,1,11,0,2,14
geography/geodata/elevation/usa/Copernicus_DSM_COG_30_N36_00_W078_00_DEM,1,11,0,3,15
geography/geodata/elevation/usa/Copernicus_DSM_COG_30_N36_00_W079_00_DEM,1,11,0,3,15
geography/geodata/elevation/usa/Copernicus_DSM_COG_30_N36_00_W080_00_DEM,1,11,0,3,15
geography/geodata/elevation/usa/Copernicus_DSM_COG_30_N36_00_W081_00_DEM,1,11,0,3,15
geography/geodata/elevation/usa/Copernicus_DSM_COG_30_N36_00_W082_00_DEM,1,11,0,3,15
geography/geodata/elevation/usa/Copernicus_DSM_COG_30_N36_00_W083_00_DEM,1,11,0,3,15
geography/geodata/elevation/usa/Copernicus_DSM_COG_30_N36_00_W084_00_DEM,1,11,0,3,15
geography/geodata/elevation/usa/Copernicus_DSM_COG_30_N36_00_W085_00_DEM,1,11,0,3,15
geography/geodata/elevation/usa/Copernicus_DSM_COG_30_N36_00_W086_00_DEM,1,11,0,3,15
geography/geodata/elevation/usa/Copernicus_DSM_COG_30_N36_00_W087_00_DEM,1,11,0,3,15
geography/geodata/elevation/usa/Copernicus_DSM_COG_30_N36_00_W088_00_DEM,1,11,0,3,15
geography/geodata/elevation/usa/Copernicus_DSM_COG_30_N36_00_W089_00_DEM,1,11,0,3,15
geography/geodata/elevation/usa/Copernicus_DSM_COG_30_N36_00_W090_00_DEM,1,10,0,2,13
geography/geodata/elevation/usa/Copernicus_DSM_COG_30_N36_00_W091_00_DEM,1,11,0,3,15
geography/geodata/elevation/usa/Copernicus_DSM_COG_30_N36_00_W092_00_DEM,1,11,0,3,15
geography/geodata/elevation/usa/Copernicus_DSM_COG_30_N36_00_W093_00_DEM,1,11,0,3,15
geography/geodata/elevation/usa/Copernicus_DSM_COG_30_N36_00_W094_00_DEM,1,9,0,1,11
geography/geodata/elevation/usa/Copernicus_DSM_COG_30_N36_00_W099_00_DEM,1,11,0,3,15
geography/geodata/elevation/usa/Copernicus_DSM_COG_30_N36_00_W100_00_DEM,1,11,0,3,15
geography/geodata/elevation/usa/Copernicus_DSM_COG_30_N36_00_W101_00_DEM,1,11,0,3,15
geography/geodata/elevation/usa/Copernicus_DSM_COG_30_N36_00_W102_00_DEM,1,11,0,3,15
geography/geodata/elevation/usa/Copernicus_DSM_COG_30_N36_00_W103_00_DEM,0,11,0,3,14
geography/geodata/elevation/usa/Copernicus_DSM_COG_30_N36_00_W104_00_DEM,1,11,0,3,15
geography/geodata/elevation/usa/Copernicus_DSM_COG_30_N36_00_W105_00_DEM,1,10,0,2,13
geography/geodata/elevation/usa/Copernicus_DSM_COG_30_N36_00_W106_00_DEM,1,11,0,3,15
geography/geodata/elevation/usa/Copernicus_DSM_COG_30_N36_00_W107_00_DEM,1,11,0,3,15
geography/geodata/elevation/usa/Copernicus_DSM_COG_30_N36_00_W108_00_DEM,1,11,0,3,15
geography/geodata/elevation/usa/Copernicus_DSM_COG_30_N36_00_W109_00_DEM,1,11,0,3,15
geography/geodata/elevation/usa/Copernicus_DSM_COG_30_N36_00_W110_00_DEM,1,11,0,3,15
geography/geodata/elevation/usa/Copernicus_DSM_COG_30_N36_00_W111_00_DEM,1,11,0,3,15
geography/geodata/elevation/usa/Copernicus_DSM_COG_30_N36_00_W112_00_DEM,1,11,0,3,15
geography/geodata/elevation/usa/Copernicus_DSM_COG_30_N36_00_W113_00_DEM,1,11,0,3,15
geography/geodata/elevation/usa/Copernicus_DSM_COG_30_N36_00_W114_00_DEM,1,11,0,3,15
geography/geodata/elevation/usa/Copernicus_DSM_COG_30_N36_00_W115_00_DEM,1,11,0,3,15
geography/geodata/elevation/usa/Copernicus_DSM_COG_30_N36_00_W116_00_DEM,1,11,0,3,15
geography/geodata/elevation/usa/Copernicus_DSM_COG_30_N36_00_W117_00_DEM,1,11,0,3,15
geography/geodata/elevation/usa/Copernicus_DSM_COG_30_N36_00_W118_00_DEM,1,11,0,3,15
geography/geodata/elevation/usa/Copernicus_DSM_COG_30_N36_00_W119_00_DEM,1,11,0,3,15
geography/geodata/elevation/usa/Copernicus_DSM_COG_30_N36_00_W120_00_DEM,1,11,0,3,15
geography/geodata/elevation/usa/Copernicus_DSM_COG_30_N36_00_W121_00_DEM,1,11,0,3,15
geography/geodata/elevation/usa/Copernicus_DSM_COG_30_N36_00_W122_00_DEM,1,11,0,3,15
geography/geodata/elevation/usa/Copernicus_DSM_COG_30_N36_00_W123_00_DEM,1,11,0,3,15
geography/geodata/elevation/usa/Copernicus_DSM_COG_30_N37_00_W076_00_DEM,1,11,0,3,15
geography/geodata/elevation/usa/Copernicus_DSM_COG_30_N37_00_W077_00_DEM,1,11,0,3,15
geography/geodata/elevation/usa/Copernicus_DSM_COG_30_N37_00_W078_00_DEM,1,11,0,3,15
geography/geodata/elevation/usa/Copernicus_DSM_COG_30_N37_00_W079_00_DEM,1,11,0,3,15
geography/geodata/elevation/usa/Copernicus_DSM_COG_30_N37_00_W080_00_DEM,1,11,0,3,15
geography/geodata/elevation/usa/Copernicus_DSM_COG_30_N37_00_W081_00_DEM,1,11,0,3,15
geography/geodata/elevation/usa/Copernicus_DSM_COG_30_N37_00_W082_00_DEM,1,11,0,3,15
geography/geodata/elevation/usa/Copernicus_DSM_COG_30_N37_00_W083_00_DEM,1,11,0,3,15
geography/geodata/elevation/usa/Copernicus_DSM_COG_30_N37_00_W084_00_DEM,1,11,0,2,14
geography/geodata/elevation/usa/Copernicus_DSM_COG_30_N37_00_W085_00_DEM,1,11,0,3,15
geography/geodata/elevation/usa/Copernicus_DSM_COG_30_N37_00_W086_00_DEM,1,11,0,3,15
geography/geodata/elevation/usa/Copernicus_DSM_COG_30_N37_00_W087_00_DEM,1,11,0,3,15
geography/geodata/elevation/usa/Copernicus_DSM_COG_30_N37_00_W088_00_DEM,1,11,0,3,15
geography/geodata/elevation/usa/Copernicus_DSM_COG_30_N37_00_W089_00_DEM,1,11,0,3,15
geography/geodata/elevation/usa/Copernicus_DSM_COG_30_N37_00_W090_00_DEM,1,11,0,3,15
geography/geodata/elevation/usa/Copernicus_DSM_COG_30_N37_00_W091_00_DEM,1,11,0,3,15
geography/geodata/elevation/usa/Copernicus_DSM_COG_30_N37_00_W092_00_DEM,1,11,0,3,15
geography/geodata/elevation/usa/Copernicus_DSM_COG_30_N37_00_W093_00_DEM,1,11,0,3,15
geography/geodata/elevation/usa/Copernicus_DSM_COG_30_N37_00_W094_00_DEM,1,11,0,3,15
geography/geodata/elevation/usa/Copernicus_DSM_COG_30_N37_00_W095_00_DEM,1,11,0,3,15
geography/geodata/elevation/usa/Copernicus_DSM_COG_30_N37_00_W096_00_DEM,1,11,0,3,15
geography/geodata/elevation/usa/Copernicus_DSM_COG_30_N37_00_W097_00_DEM,1,11,0,3,15
geography/geodata/elevation/usa/Copernicus_DSM_COG_30_N37_00_W098_00_DEM,1,11,0,3,15
geography/geodata/elevation/usa/Copernicus_DSM_COG_30_N37_00_W099_00_DEM,1,11,0,3,15
geography/geodata/elevation/usa/Copernicus_DSM_COG_30_N37_00_W100_00_DEM,1,11,0,3,15
geography/geodata/elevation/usa/Copernicus_DSM_COG_30_N37_00_W101_00_DEM,1,11,0,3,15
geography/geodata/elevation/usa/Copernicus_DSM_COG_30_N37_00_W102_00_DEM,1,11,0,3,15
geography/geodata/elevation/usa/Copernicus_DSM_COG_30_N37_00_W103_00_DEM,1,11,0,3,15
geography/geodata/elevation/usa/Copernicus_DSM_COG_30_N37_00_W104_00_DEM,1,11,0,3,15
geography/geodata/elevation/usa/Copernicus_DSM_COG_30_N37_00_W105_00_DEM,1,11,0,3,15
geography/geodata/elevation/usa/Copernicus_DSM_COG_30_N37_00_W106_00_DEM,1,11,0,3,15
geography/geodata/elevation/usa/Copernicus_DSM_COG_30_N37_00_W107_00_DEM,1,11,0,3,15
geography/geodata/elevation/usa/Copernicus_DSM_COG_30_N37_00_W108_00_DEM,1,11,0,3,15
geography/geodata/elevation/usa/Copernicus_DSM_COG_30_N37_00_W109_00_DEM,1,11,0,3,15
geography/geodata/elevation/usa/Copernicus_DSM_COG_30_N37_00_W110_00_DEM,1,11,0,3,15
geography/geodata/elevation/usa/Copernicus_DSM_COG_30_N37_00_W111_00_DEM,1,11,0,3,15
geography/geodata/elevation/usa/Copernicus_DSM_COG_30_N37_00_W112_00_DEM,1,11,0,3,15
geography/geodata/elevation/usa/Copernicus_DSM_COG_30_N37_00_W113_00_DEM,1,11,0,3,15
geography/geodata/elevation/usa/Copernicus_DSM_COG_30_N37_00_W114_00_DEM,1,11,0,3,15
geography/geodata/elevation/usa/Copernicus_DSM_COG_30_N37_00_W115_00_DEM,1,11,0,3,15
geography/geodata/elevation/usa/Copernicus_DSM_COG_30_N37_00_W116_00_DEM,1,11,0,3,15
geography/geodata/elevation/usa/Copernicus_DSM_COG_30_N37_00_W117_00_DEM,1,11,0,3,15
geography/geodata/elevation/usa/Copernicus_DSM_COG_30_N37_00_W118_00_DEM,1,11,0,3,15
geography/geodata/elevation/usa/Copernicus_DSM_COG_30_N37_00_W119_00_DEM,1,11,0,3,15
geography/geodata/elevation/usa/Copernicus_DSM_COG_30_N37_00_W120_00_DEM,1,11,0,3,15
geography/geodata/elevation/usa/Copernicus_DSM_COG_30_N37_00_W121_00_DEM,1,11,0,3,15
geography/geodata/elevation/usa/Copernicus_DSM_COG_30_N37_00_W122_00_DEM,1,11,0,3,15
geography/geodata/elevation/usa/Copernicus_DSM_COG_30_N37_00_W123_00_DEM,1,11,0,3,15
geography/geodata/elevation/usa/Copernicus_DSM_COG_30_N37_00_W124_00_DEM,1,11,0,3,15
geography/geodata/elevation/usa/Copernicus_DSM_COG_30_N38_00_W075_00_DEM,1,11,0,3,15
geography/geodata/elevation/usa/Copernicus_DSM_COG_30_N38_00_W076_00_DEM,1,11,0,3,15
geography/geodata/elevation/usa/Copernicus_DSM_COG_30_N38_00_W077_00_DEM,1,11,0,3,15
geography/geodata/elevation/usa/Copernicus_DSM_COG_30_N38_00_W078_00_DEM,1,11,0,3,15
geography/geodata/elevation/usa/Copernicus_DSM_COG_30_N38_00_W079_00_DEM,1,11,0,3,15
geography/geodata/elevation/usa/Copernicus_DSM_COG_30_N38_00_W080_00_DEM,1,11,0,3,15
geography/geodata/elevation/usa/Copernicus_DSM_COG_30_N38_00_W081_00_DEM,1,11,0,3,15
geography/geodata/elevation/usa/Copernicus_DSM_COG_30_N38_00_W082_00_DEM,1,11,0,3,15
geography/geodata/elevation/usa/Copernicus_DSM_COG_30_N38_00_W083_00_DEM,1,11,0,3,15
geography/geodata/elevation/usa/Copernicus_DSM_COG_30_N38_00_W084_00_DEM,1,11,0,3,15
geography/geodata/elevation/usa/Copernicus_DSM_COG_30_N38_00_W085_00_DEM,1,11,0,3,15
geography/geodata/elevation/usa/Copernicus_DSM_COG_30_N38_00_W086_00_DEM,1,11,0,3,15
geography/geodata/elevation/usa/Copernicus_DSM_COG_30_N38_00_W087_00_DEM,1,11,0,3,15
geography/geodata/elevation/usa/Copernicus_DSM_COG_30_N38_00_W088_00_DEM,1,11,0,3,15
geography/geodata/elevation/usa/Copernicus_DSM_COG_30_N38_00_W089_00_DEM,1,11,0,3,15
geography/geodata/elevation/usa/Copernicus_DSM_COG_30_N38_00_W090_00_DEM,1,11,0,3,15
geography/geodata/elevation/usa/Copernicus_DSM_COG_30_N38_00_W091_00_DEM,1,11,0,3,15
geography/geodata/elevation/usa/Copernicus_DSM_COG_30_N38_00_W092_00_DEM,1,11,0,3,15
geography/geodata/elevation/usa/Copernicus_DSM_COG_30_N38_00_W093_00_DEM,1,11,0,3,15
geography/geodata/elevation/usa/Copernicus_DSM_COG_30_N38_00_W094_00_DEM,1,11,0,3,15
geography/geodata/elevation/usa/Copernicus_DSM_COG_30_N38_00_W095_00_DEM,1,11,0,3,15
geography/geodata/elevation/usa/Copernicus_DSM_COG_30_N38_00_W096_00_DEM,1,11,0,3,15
geography/geodata/elevation/usa/Copernicus_DSM_COG_30_N38_00_W097_00_DEM,1,11,0,3,15
geography/geodata/elevation/usa/Copernicus_DSM_COG_30_N38_00_W098_00_DEM,1,11,0,3,15
geography/geodata/elevation/usa/Copernicus_DSM_COG_30_N38_00_W099_00_DEM,1,11,0,3,15
geography/geodata/elevation/usa/Copernicus_DSM_COG_30_N38_00_W100_00_DEM,1,11,0,3,15
geography/geodata/elevation/usa/Copernicus_DSM_COG_30_N38_00_W101_00_DEM,1,11,0,3,15
geography/geodata/elevation/usa/Copernicus_DSM_COG_30_N38_00_W102_00_DEM,1,11,0,3,15
geography/geodata/elevation/usa/Copernicus_DSM_COG_30_N38_00_W103_00_DEM,1,11,0,3,15
geography/geodata/elevation/usa/Copernicus_DSM_COG_30_N38_00_W104_00_DEM,1,11,0,3,15
geography/geodata/elevation/usa/Copernicus_DSM_COG_30_N38_00_W105_00_DEM,1,11,0,3,15
geography/geodata/elevation/usa/Copernicus_DSM_COG_30_N38_00_W106_00_DEM,1,11,0,3,15
geography/geodata/elevation/usa/Copernicus_DSM_COG_30_N38_00_W107_00_DEM,1,11,0,3,15
geography/geodata/elevation/usa/Copernicus_DSM_COG_30_N38_00_W108_00_DEM,1,11,0,3,15
geography/geodata/elevation/usa/Copernicus_DSM_COG_30_N38_00_W109_00_DEM,1,11,0,3,15
geography/geodata/elevation/usa/Copernicus_DSM_COG_30_N38_00_W110_00_DEM,1,11,0,3,15
geography/geodata/elevation/usa/Copernicus_DSM_COG_30_N38_00_W111_00_DEM,1,11,0,3,15
geography/geodata/elevation/usa/Copernicus_DSM_COG_30_N38_00_W112_00_DEM,1,11,0,3,15
geography/geodata/elevation/usa/Copernicus_DSM_COG_30_N38_00_W113_00_DEM,1,11,0,3,15
geography/geodata/elevation/usa/Copernicus_DSM_COG_30_N38_00_W114_00_DEM,1,11,0,3,15
geography/geodata/elevation/usa/Copernicus_DSM_COG_30_N38_00_W115_00_DEM,1,11,0,3,15
geography/geodata/elevation/usa/Copernicus_DSM_COG_30_N38_00_W116_00_DEM,1,11,0,3,15
geography/geodata/elevation/usa/Copernicus_DSM_COG_30_N38_00_W117_00_DEM,1,11,0,3,15
geography/geodata/elevation/usa/Copernicus_DSM_COG_30_N38_00_W118_00_DEM,1,11,0,3,15
geography/geodata/elevation/usa/Copernicus_DSM_COG_30_N38_00_W119_00_DEM,1,11,0,3,15
geography/geodata/elevation/usa/Copernicus_DSM_COG_30_N38_00_W120_00_DEM,1,11,0,3,15
geography/geodata/elevation/usa/Copernicus_DSM_COG_30_N38_00_W121_00_DEM,1,11,0,3,15
geography/geodata/elevation/usa/Copernicus_DSM_COG_30_N38_00_W122_00_DEM,1,11,0,3,15
geography/geodata/elevation/usa/Copernicus_DSM_COG_30_N38_00_W123_00_DEM,1,11,0,3,15
geography/geodata/elevation/usa/Copernicus_DSM_COG_30_N38_00_W124_00_DEM,1,11,0,3,15
geography/geodata/elevation/usa/Copernicus_DSM_COG_30_N39_00_W075_00_DEM,1,11,0,3,15
geography/geodata/elevation/usa/Copernicus_DSM_COG_30_N39_00_W076_00_DEM,1,11,0,3,15
geography/geodata/elevation/usa/Copernicus_DSM_COG_30_N39_00_W077_00_DEM,1,11,0,3,15
geography/geodata/elevation/usa/Copernicus_DSM_COG_30_N39_00_W078_00_DEM,1,11,0,3,15
geography/geodata/elevation/usa/Copernicus_DSM_COG_30_N39_00_W079_00_DEM,1,11,0,3,15
geography/geodata/elevation/usa/Copernicus_DSM_COG_30_N39_00_W080_00_DEM,1,11,0,3,15
geography/geodata/elevation/usa/Copernicus_DSM_COG_30_N39_00_W081_00_DEM,1,11,0,3,15
geography/geodata/elevation/usa/Copernicus_DSM_COG_30_N39_00_W082_00_DEM,1,11,0,3,15
geography/geodata/elevation/usa/Copernicus_DSM_COG_30_N39_00_W083_00_DEM,1,11,0,3,15
geography/geodata/elevation/usa/Copernicus_DSM_COG_30_N39_00_W084_00_DEM,1,11,0,3,15
geography/geodata/elevation/usa/Copernicus_DSM_COG_30_N39_00_W085_00_DEM,1,11,0,3,15
geography/geodata/elevation/usa/Copernicus_DSM_COG_30_N39_00_W086_00_DEM,1,11,0,3,15
geography/geodata/elevation/usa/Copernicus_DSM_COG_30_N39_00_W087_00_DEM,1,11,0,3,15
geography/geodata/elevation/usa/Copernicus_DSM_COG_30_N39_00_W088_00_DEM,1,11,0,3,15
geography/geodata/elevation/usa/Copernicus_DSM_COG_30_N39_00_W089_00_DEM,1,11,0,3,15
geography/geodata/elevation/usa/Copernicus_DSM_COG_30_N39_00_W090_00_DEM,1,11,0,3,15
geography/geodata/elevation/usa/Copernicus_DSM_COG_30_N39_00_W091_00_DEM,1,11,0,3,15
geography/geodata/elevation/usa/Copernicus_DSM_COG_30_N39_00_W092_00_DEM,1,11,0,3,15
geography/geodata/elevation/usa/Copernicus_DSM_COG_30_N39_00_W093_00_DEM,1,11,0,3,15
geography/geodata/elevation/usa/Copernicus_DSM_COG_30_N39_00_W094_00_DEM,1,11,0,3,15
geography/geodata/elevation/usa/Copernicus_DSM_COG_30_N39_00_W095_00_DEM,1,11,0,3,15
geography/geodata/elevation/usa/Copernicus_DSM_COG_30_N39_00_W096_00_DEM,1,11,0,3,15
geography/geodata/elevation/usa/Copernicus_DSM_COG_30_N39_00_W097_00_DEM,1,11,0,3,15
geography/geodata/elevation/usa/Copernicus_DSM_COG_30_N39_00_W098_00_DEM,1,11,0,3,15
geography/geodata/elevation/usa/Copernicus_DSM_COG_30_N39_00_W099_00_DEM,1,11,0,3,15
geography/geodata/elevation/usa/Copernicus_DSM_COG_30_N39_00_W100_00_DEM,1,11,0,3,15
geography/geodata/elevation/usa/Copernicus_DSM_COG_30_N39_00_W101_00_DEM,1,11,0,3,15
geography/geodata/elevation/usa/Copernicus_DSM_COG_30_N39_00_W102_00_DEM,1,11,0,3,15
geography/geodata/elevation/usa/Copernicus_DSM_COG_30_N39_00_W103_00_DEM,1,11,0,3,15
geography/geodata/elevation/usa/Copernicus_DSM_COG_30_N39_00_W104_00_DEM,1,11,0,3,15
geography/geodata/elevation/usa/Copernicus_DSM_COG_30_N39_00_W105_00_DEM,1,11,0,3,15
geography/geodata/elevation/usa/Copernicus_DSM_COG_30_N39_00_W106_00_DEM,1,11,0,3,15
geography/geodata/elevation/usa/Copernicus_DSM_COG_30_N39_00_W107_00_DEM,1,11,0,3,15
geography/geodata/elevation/usa/Copernicus_DSM_COG_30_N39_00_W108_00_DEM,1,11,0,3,15
geography/geodata/elevation/usa/Copernicus_DSM_COG_30_N39_00_W109_00_DEM,1,11,0,3,15
geography/geodata/elevation/usa/Copernicus_DSM_COG_30_N39_00_W110_00_DEM,1,11,0,3,15
geography/geodata/elevation/usa/Copernicus_DSM_COG_30_N39_00_W111_00_DEM,1,11,0,3,15
geography/geodata/elevation/usa/Copernicus_DSM_COG_30_N39_00_W112_00_DEM,1,11,0,3,15
geography/geodata/elevation/usa/Copernicus_DSM_COG_30_N39_00_W113_00_DEM,1,11,0,3,15
geography/geodata/elevation/usa/Copernicus_DSM_COG_30_N39_00_W114_00_DEM,1,11,0,3,15
geography/geodata/elevation/usa/Copernicus_DSM_COG_30_N39_00_W115_00_DEM,1,11,0,3,15
geography/geodata/elevation/usa/Copernicus_DSM_COG_30_N39_00_W116_00_DEM,1,11,0,3,15
geography/geodata/elevation/usa/Copernicus_DSM_COG_30_N39_00_W117_00_DEM,1,11,0,3,15
geography/geodata/elevation/usa/Copernicus_DSM_COG_30_N39_00_W118_00_DEM,1,11,0,3,15
geography/geodata/elevation/usa/Copernicus_DSM_COG_30_N39_00_W119_00_DEM,1,11,0,3,15
geography/geodata/elevation/usa/Copernicus_DSM_COG_30_N39_00_W120_00_DEM,1,11,0,3,15
geography/geodata/elevation/usa/Copernicus_DSM_COG_30_N39_00_W121_00_DEM,1,11,0,3,15
geography/geodata/elevation/usa/Copernicus_DSM_COG_30_N39_00_W122_00_DEM,1,11,0,3,15
geography/geodata/elevation/usa/Copernicus_DSM_COG_30_N39_00_W123_00_DEM,1,11,0,3,15
geography/geodata/elevation/usa/Copernicus_DSM_COG_30_N39_00_W124_00_DEM,1,11,0,3,15
geography/geodata/elevation/usa/Copernicus_DSM_COG_30_N39_00_W125_00_DEM,1,11,0,3,15
geography/geodata/elevation/usa/Copernicus_DSM_COG_30_N40_00_W073_00_DEM,1,11,0,3,15
geography/geodata/elevation/usa/Copernicus_DSM_COG_30_N40_00_W074_00_DEM,1,11,0,3,15
geography/geodata/elevation/usa/Copernicus_DSM_COG_30_N40_00_W075_00_DEM,1,11,0,3,15
geography/geodata/elevation/usa/Copernicus_DSM_COG_30_N40_00_W076_00_DEM,1,11,0,3,15
geography/geodata/elevation/usa/Copernicus_DSM_COG_30_N40_00_W077_00_DEM,1,11,0,3,15
geography/geodata/elevation/usa/Copernicus_DSM_COG_30_N40_00_W078_00_DEM,1,11,0,3,15
geography/geodata/elevation/usa/Copernicus_DSM_COG_30_N40_00_W079_00_DEM,1,11,0,3,15
geography/geodata/elevation/usa/Copernicus_DSM_COG_30_N40_00_W080_00_DEM,1,11,0,3,15
geography/geodata/elevation/usa/Copernicus_DSM_COG_30_N40_00_W081_00_DEM,1,11,0,3,15
geography/geodata/elevation/usa/Copernicus_DSM_COG_30_N40_00_W082_00_DEM,1,11,0,3,15
geography/geodata/elevation/usa/Copernicus_DSM_COG_30_N40_00_W083_00_DEM,1,11,0,3,15
geography/geodata/elevation/usa/Copernicus_DSM_COG_30_N40_00_W084_00_DEM,1,11,0,3,15
geography/geodata/elevation/usa/Copernicus_DSM_COG_30_N40_00_W085_00_DEM,1,11,0,3,15
geography/geodata/elevation/usa/Copernicus_DSM_COG_30_N40_00_W086_00_DEM,1,11,0,3,15
geography/geodata/elevation/usa/Copernicus_DSM_COG_30_N40_00_W087_00_DEM,1,11,0,3,15
geography/geodata/elevation/usa/Copernicus_DSM_COG_30_N40_00_W088_00_DEM,1,11,0,3,15
geography/geodata/elevation/usa/Copernicus_DSM_COG_30_N40_00_W089_00_DEM,1,11,0,3,15
geography/geodata/elevation/usa/Copernicus_DSM_COG_30_N40_00_W090_00_DEM,1,11,0,3,15
geography/geodata/elevation/usa/Copernicus_DSM_COG_30_N40_00_W091_00_DEM,1,11,0,3,15
geography/geodata/elevation/usa/Copernicus_DSM_COG_30_N40_00_W092_00_DEM,1,11,0,3,15
geography/geodata/elevation/usa/Copernicus_DSM_COG_30_N40_00_W093_00_DEM,1,11,0,3,15
geography/geodata/elevation/usa/Copernicus_DSM_COG_30_N40_00_W094_00_DEM,1,11,0,3,15
geography/geodata/elevation/usa/Copernicus_DSM_COG_30_N40_00_W095_00_DEM,1,11,0,3,15
geography/geodata/elevation/usa/Copernicus_DSM_COG_30_N40_00_W096_00_DEM,1,11,0,3,15
geography/geodata/elevation/usa/Copernicus_DSM_COG_30_N40_00_W097_00_DEM,1,11,0,3,15
geography/geodata/elevation/usa/Copernicus_DSM_COG_30_N40_00_W098_00_DEM,1,11,0,2,14
geography/geodata/elevation/usa/Copernicus_DSM_COG_30_N40_00_W099_00_DEM,1,11,0,3,15
geography/geodata/elevation/usa/Copernicus_DSM_COG_30_N40_00_W100_00_DEM,1,11,0,3,15
geography/geodata/elevation/usa/Copernicus_DSM_COG_30_N40_00_W101_00_DEM,1,11,0,3,15
geography/geodata/elevation/usa/Copernicus_DSM_COG_30_N40_00_W102_00_DEM,1,11,0,3,15
geography/geodata/elevation/usa/Copernicus_DSM_COG_30_N40_00_W103_00_DEM,1,11,0,3,15
geography/geodata/elevation/usa/Copernicus_DSM_COG_30_N40_00_W104_00_DEM,1,11,0,3,15
geography/geodata/elevation/usa/Copernicus_DSM_COG_30_N40_00_W105_00_DEM,1,11,0,3,15
geography/geodata/elevation/usa/Copernicus_DSM_COG_30_N40_00_W106_00_DEM,1,11,0,3,15
geography/geodata/elevation/usa/Copernicus_DSM_COG_30_N40_00_W107_00_DEM,1,11,0,3,15
geography/geodata/elevation/usa/Copernicus_DSM_COG_30_N40_00_W108_00_DEM,1,11,0,3,15
geography/geodata/elevation/usa/Copernicus_DSM_COG_30_N40_00_W109_00_DEM,1,11,0,3,15
geography/geodata/elevation/usa/Copernicus_DSM_COG_30_N40_00_W110_00_DEM,1,11,0,3,15
geography/geodata/elevation/usa/Copernicus_DSM_COG_30_N40_00_W111_00_DEM,1,11,0,3,15
geography/geodata/elevation/usa/Copernicus_DSM_COG_30_N40_00_W112_00_DEM,1,11,0,3,15
geography/geodata/elevation/usa/Copernicus_DSM_COG_30_N40_00_W113_00_DEM,1,11,0,3,15
geography/geodata/elevation/usa/Copernicus_DSM_COG_30_N40_00_W114_00_DEM,1,11,0,3,15
geography/geodata/elevation/usa/Copernicus_DSM_COG_30_N40_00_W115_00_DEM,1,11,0,3,15
geography/geodata/elevation/usa/Copernicus_DSM_COG_30_N40_00_W116_00_DEM,1,11,0,3,15
geography/geodata/elevation/usa/Copernicus_DSM_COG_30_N40_00_W117_00_DEM,1,11,0,3,15
geography/geodata/elevation/usa/Copernicus_DSM_COG_30_N40_00_W118_00_DEM,1,11,0,3,15
geography/geodata/elevation/usa/Copernicus_DSM_COG_30_N40_00_W119_00_DEM,1,11,0,3,15
geography/geodata/elevation/usa/Copernicus_DSM_COG_30_N40_00_W120_00_DEM,1,11,0,3,15
geography/geodata/elevation/usa/Copernicus_DSM_COG_30_N40_00_W121_00_DEM,1,11,0,3,15
geography/geodata/elevation/usa/Copernicus_DSM_COG_30_N40_00_W122_00_DEM,1,11,0,3,15
geography/geodata/elevation/usa/Copernicus_DSM_COG_30_N40_00_W123_00_DEM,1,11,0,3,15
geography/geodata/elevation/usa/Copernicus_DSM_COG_30_N40_00_W124_00_DEM,1,11,0,3,15
geography/geodata/elevation/usa/Copernicus_DSM_COG_30_N40_00_W125_00_DEM,1,11,0,3,15
geography/geodata/elevation/usa/Copernicus_DSM_COG_30_N41_00_W070_00_DEM,1,11,0,3,15
geography/geodata/elevation/usa/Copernicus_DSM_COG_30_N41_00_W071_00_DEM,1,11,0,3,15
geography/geodata/elevation/usa/Copernicus_DSM_COG_30_N41_00_W072_00_DEM,1,11,0,3,15
geography/geodata/elevation/usa/Copernicus_DSM_COG_30_N41_00_W073_00_DEM,1,11,0,3,15
geography/geodata/elevation/usa/Copernicus_DSM_COG_30_N41_00_W074_00_DEM,1,11,0,3,15
geography/geodata/elevation/usa/Copernicus_DSM_COG_30_N41_00_W075_00_DEM,1,11,0,3,15
geography/geodata/elevation/usa/Copernicus_DSM_COG_30_N41_00_W076_00_DEM,1,11,0,3,15
geography/geodata/elevation/usa/Copernicus_DSM_COG_30_N41_00_W077_00_DEM,1,11,0,3,15
geography/geodata/elevation/usa/Copernicus_DSM_COG_30_N41_00_W078_00_DEM,1,11,0,3,15
geography/geodata/elevation/usa/Copernicus_DSM_COG_30_N41_00_W079_00_DEM,1,11,0,3,15
geography/geodata/elevation/usa/Copernicus_DSM_COG_30_N41_00_W080_00_DEM,1,11,0,3,15
geography/geodata/elevation/usa/Copernicus_DSM_COG_30_N41_00_W081_00_DEM,1,11,0,3,15
geography/geodata/elevation/usa/Copernicus_DSM_COG_30_N41_00_W082_00_DEM,1,11,0,3,15
geography/geodata/elevation/usa/Copernicus_DSM_COG_30_N41_00_W083_00_DEM,1,11,0,3,15
geography/geodata/elevation/usa/Copernicus_DSM_COG_30_N41_00_W084_00_DEM,1,11,0,3,15
geography/geodata/elevation/usa/Copernicus_DSM_COG_30_N41_00_W085_00_DEM,1,11,0,3,15
geography/geodata/elevation/usa/Copernicus_DSM_COG_30_N41_00_W086_00_DEM,1,11,0,3,15
geography/geodata/elevation/usa/Copernicus_DSM_COG_30_N41_00_W087_00_DEM,1,11,0,3,15
geography/geodata/elevation/usa/Copernicus_DSM_COG_30_N41_00_W088_00_DEM,1,11,0,3,15
geography/geodata/elevation/usa/Copernicus_DSM_COG_30_N41_00_W089_00_DEM,1,11,0,3,15
geography/geodata/elevation/usa/Copernicus_DSM_COG_30_N41_00_W090_00_DEM,1,11,0,3,15
geography/geodata/elevation/usa/Copernicus_DSM_COG_30_N41_00_W091_00_DEM,1,11,0,3,15
geography/geodata/elevation/usa/Copernicus_DSM_COG_30_N41_00_W092_00_DEM,1,11,0,3,15
geography/geodata/elevation/usa/Copernicus_DSM_COG_30_N41_00_W093_00_DEM,1,11,0,3,15
geography/geodata/elevation/usa/Copernicus_DSM_COG_30_N41_00_W094_00_DEM,1,11,0,3,15
geography/geodata/elevation/usa/Copernicus_DSM_COG_30_N41_00_W095_00_DEM,1,11,0,3,15
geography/geodata/elevation/usa/Copernicus_DSM_COG_30_N41_00_W096_00_DEM,1,11,0,3,15
geography/geodata/elevation/usa/Copernicus_DSM_COG_30_N41_00_W097_00_DEM,1,11,0,3,15
geography/geodata/elevation/usa/Copernicus_DSM_COG_30_N41_00_W098_00_DEM,1,11,0,3,15
geography/geodata/elevation/usa/Copernicus_DSM_COG_30_N41_00_W099_00_DEM,1,11,0,3,15
geography/geodata/elevation/usa/Copernicus_DSM_COG_30_N41_00_W100_00_DEM,1,11,0,3,15
geography/geodata/elevation/usa/Copernicus_DSM_COG_30_N41_00_W101_00_DEM,1,11,0,3,15
geography/geodata/elevation/usa/Copernicus_DSM_COG_30_N41_00_W102_00_DEM,1,11,0,3,15
geography/geodata/elevation/usa/Copernicus_DSM_COG_30_N41_00_W103_00_DEM,1,11,0,3,15
geography/geodata/elevation/usa/Copernicus_DSM_COG_30_N41_00_W104_00_DEM,1,11,0,3,15
geography/geodata/elevation/usa/Copernicus_DSM_COG_30_N41_00_W105_00_DEM,1,11,0,3,15
geography/geodata/elevation/usa/Copernicus_DSM_COG_30_N41_00_W106_00_DEM,1,11,0,3,15
geography/geodata/elevation/usa/Copernicus_DSM_COG_30_N41_00_W107_00_DEM,1,11,0,3,15
geography/geodata/elevation/usa/Copernicus_DSM_COG_30_N41_00_W108_00_DEM,1,11,0,3,15
geography/geodata/elevation/usa/Copernicus_DSM_COG_30_N41_00_W109_00_DEM,1,11,0,3,15
geography/geodata/elevation/usa/Copernicus_DSM_COG_30_N41_00_W110_00_DEM,1,11,0,3,15
geography/geodata/elevation/usa/Copernicus_DSM_COG_30_N41_00_W111_00_DEM,1,11,0,3,15
geography/geodata/elevation/usa/Copernicus_DSM_COG_30_N41_00_W112_00_DEM,1,11,0,3,15
geography/geodata/elevation/usa/Copernicus_DSM_COG_30_N41_00_W113_00_DEM,1,11,0,3,15
geography/geodata/elevation/usa/Copernicus_DSM_COG_30_N41_00_W114_00_DEM,1,11,0,3,15
geography/geodata/elevation/usa/Copernicus_DSM_COG_30_N41_00_W115_00_DEM,1,11,0,3,15
geography/geodata/elevation/usa/Copernicus_DSM_COG_30_N41_00_W116_00_DEM,1,11,0,3,15
geography/geodata/elevation/usa/Copernicus_DSM_COG_30_N41_00_W117_00_DEM,1,11,0,3,15
geography/geodata/elevation/usa/Copernicus_DSM_COG_30_N41_00_W118_00_DEM,1,11,0,3,15
geography/geodata/elevation/usa/Copernicus_DSM_COG_30_N41_00_W119_00_DEM,1,11,0,3,15
geography/geodata/elevation/usa/Copernicus_DSM_COG_30_N41_00_W120_00_DEM,1,11,0,3,15
geography/geodata/elevation/usa/Copernicus_DSM_COG_30_N41_00_W121_00_DEM,1,11,0,3,15
geography/geodata/elevation/usa/Copernicus_DSM_COG_30_N41_00_W122_00_DEM,1,11,0,3,15
geography/geodata/elevation/usa/Copernicus_DSM_COG_30_N41_00_W123_00_DEM,1,11,0,3,15
geography/geodata/elevation/usa/Copernicus_DSM_COG_30_N41_00_W124_00_DEM,1,11,0,3,15
geography/geodata/elevation/usa/Copernicus_DSM_COG_30_N41_00_W125_00_DEM,1,11,0,3,15
geography/geodata/elevation/usa/Copernicus_DSM_COG_30_N42_00_W071_00_DEM,1,11,0,3,15
geography/geodata/elevation/usa/Copernicus_DSM_COG_30_N42_00_W072_00_DEM,1,11,0,3,15
geography/geodata/elevation/usa/Copernicus_DSM_COG_30_N42_00_W073_00_DEM,1,11,0,2,14
geography/geodata/elevation/usa/Copernicus_DSM_COG_30_N42_00_W074_00_DEM,1,11,0,2,14
geography/geodata/elevation/usa/Copernicus_DSM_COG_30_N42_00_W075_00_DEM,1,11,0,2,14
geography/geodata/elevation/usa/Copernicus_DSM_COG_30_N42_00_W076_00_DEM,1,11,0,3,15
geography/geodata/elevation/usa/Copernicus_DSM_COG_30_N42_00_W077_00_DEM,1,11,0,3,15
geography/geodata/elevation/usa/Copernicus_DSM_COG_30_N42_00_W078_00_DEM,1,11,0,3,15
geography/geodata/elevation/usa/Copernicus_DSM_COG_30_N42_00_W079_00_DEM,1,11,0,3,15
geography/geodata/elevation/usa/Copernicus_DSM_COG_30_N42_00_W080_00_DEM,1,11,0,3,15
geography/geodata/elevation/usa/Copernicus_DSM_COG_30_N42_00_W081_00_DEM,1,11,0,3,15
geography/geodata/elevation/usa/Copernicus_DSM_COG_30_N42_00_W082_00_DEM,1,11,0,3,15
geography/geodata/elevation/usa/Copernicus_DSM_COG_30_N42_00_W083_00_DEM,1,11,0,3,15
geography/geodata/elevation/usa/Copernicus_DSM_COG_30_N42_00_W084_00_DEM,1,11,0,3,15
geography/geodata/elevation/usa/Copernicus_DSM_COG_30_N42_00_W085_00_DEM,1,11,0,3,15
geography/geodata/elevation/usa/Copernicus_DSM_COG_30_N42_00_W086_00_DEM,1,11,0,3,15
geography/geodata/elevation/usa/Copernicus_DSM_COG_30_N42_00_W087_00_DEM,1,11,0,3,15
geography/geodata/elevation/usa/Copernicus_DSM_COG_30_N42_00_W088_00_DEM,1,11,0,3,15
geography/geodata/elevation/usa/Copernicus_DSM_COG_30_N42_00_W089_00_DEM,1,11,0,3,15
geography/geodata/elevation/usa/Copernicus_DSM_COG_30_N42_00_W090_00_DEM,1,11,0,3,15
geography/geodata/elevation/usa/Copernicus_DSM_COG_30_N42_00_W091_00_DEM,1,11,0,3,15
geography/geodata/elevation/usa/Copernicus_DSM_COG_30_N42_00_W092_00_DEM,1,11,0,3,15
geography/geodata/elevation/usa/Copernicus_DSM_COG_30_N42_00_W093_00_DEM,1,11,0,3,15
geography/geodata/elevation/usa/Copernicus_DSM_COG_30_N42_00_W094_00_DEM,1,11,0,3,15
geography/geodata/elevation/usa/Copernicus_DSM_COG_30_N42_00_W095_00_DEM,1,11,0,3,15
geography/geodata/elevation/usa/Copernicus_DSM_COG_30_N42_00_W096_00_DEM,1,11,0,3,15
geography/geodata/elevation/usa/Copernicus_DSM_COG_30_N42_00_W097_00_DEM,1,11,0,3,15
geography/geodata/elevation/usa/Copernicus_DSM_COG_30_N42_00_W098_00_DEM,1,11,0,3,15
geography/geodata/elevation/usa/Copernicus_DSM_COG_30_N42_00_W099_00_DEM,1,11,0,3,15
geography/geodata/elevation/usa/Copernicus_DSM_COG_30_N42_00_W100_00_DEM,1,11,0,3,15
geography/geodata/elevation/usa/Copernicus_DSM_COG_30_N42_00_W101_00_DEM,1,11,0,3,15
geography/geodata/elevation/usa/Copernicus_DSM_COG_30_N42_00_W102_00_DEM,1,11,0,3,15
geography/geodata/elevation/usa/Copernicus_DSM_COG_30_N42_00_W103_00_DEM,1,11,0,3,15
geography/geodata/elevation/usa/Copernicus_DSM_COG_30_N42_00_W104_00_DEM,1,11,0,3,15
geography/geodata/elevation/usa/Copernicus_DSM_COG_30_N42_00_W105_00_DEM,1,11,0,3,15
geography/geodata/elevation/usa/Copernicus_DSM_COG_30_N42_00_W106_00_DEM,1,11,0,3,15
geography/geodata/elevation/usa/Copernicus_DSM_COG_30_N42_00_W107_00_DEM,1,11,0,3,15
geography/geodata/elevation/usa/Copernicus_DSM_COG_30_N42_00_W108_00_DEM,1,11,0,3,15
geography/geodata/elevation/usa/Copernicus_DSM_COG_30_N42_00_W109_00_DEM,1,11,0,3,15
geography/geodata/elevation/usa/Copernicus_DSM_COG_30_N42_00_W110_00_DEM,1,11,0,3,15
geography/geodata/elevation/usa/Copernicus_DSM_COG_30_N42_00_W111_00_DEM,1,11,0,3,15
geography/geodata/elevation/usa/Copernicus_DSM_COG_30_N42_00_W112_00_DEM,1,11,0,3,15
geography/geodata/elevation/usa/Copernicus_DSM_COG_30_N42_00_W113_00_DEM,1,11,0,3,15
geography/geodata/elevation/usa/Copernicus_DSM_COG_30_N42_00_W114_00_DEM,1,11,0,3,15
geography/geodata/elevation/usa/Copernicus_DSM_COG_30_N42_00_W115_00_DEM,1,11,0,3,15
geography/geodata/elevation/usa/Copernicus_DSM_COG_30_N42_00_W116_00_DEM,1,11,0,3,15
geography/geodata/elevation/usa/Copernicus_DSM_COG_30_N42_00_W117_00_DEM,1,11,0,3,15
geography/geodata/elevation/usa/Copernicus_DSM_COG_30_N42_00_W118_00_DEM,1,11,0,3,15
geography/geodata/elevation/usa/Copernicus_DSM_COG_30_N42_00_W119_00_DEM,1,11,0,3,15
geography/geodata/elevation/usa/Copernicus_DSM_COG_30_N42_00_W120_00_DEM,1,11,0,3,15
geography/geodata/elevation/usa/Copernicus_DSM_COG_30_N42_00_W121_00_DEM,1,11,0,3,15
geography/geodata/elevation/usa/Copernicus_DSM_COG_30_N42_00_W122_00_DEM,1,11,0,3,15
geography/geodata/elevation/usa/Copernicus_DSM_COG_30_N42_00_W123_00_DEM,1,11,0,3,15
geography/geodata/elevation/usa/Copernicus_DSM_COG_30_N42_00_W124_00_DEM,1,11,0,3,15
geography/geodata/elevation/usa/Copernicus_DSM_COG_30_N42_00_W125_00_DEM,1,11,0,3,15
geography/geodata/elevation/usa/Copernicus_DSM_COG_30_N43_00_W060_00_DEM,1,11,0,3,15
geography/geodata/elevation/usa/Copernicus_DSM_COG_30_N43_00_W061_00_DEM,1,11,0,3,15
geography/geodata/elevation/usa/Copernicus_DSM_COG_30_N43_00_W065_00_DEM,1,11,0,3,15
geography/geodata/elevation/usa/Copernicus_DSM_COG_30_N43_00_W066_00_DEM,1,11,0,3,15
geography/geodata/elevation/usa/Copernicus_DSM_COG_30_N43_00_W067_00_DEM,1,11,0,3,15
geography/geodata/elevation/usa/Copernicus_DSM_COG_30_N43_00_W069_00_DEM,1,11,0,3,15
geography/geodata/elevation/usa/Copernicus_DSM_COG_30_N43_00_W070_00_DEM,1,11,0,3,15
geography/geodata/elevation/usa/Copernicus_DSM_COG_30_N43_00_W071_00_DEM,1,11,0,3,15
geography/geodata/elevation/usa/Copernicus_DSM_COG_30_N43_00_W072_00_DEM,1,11,0,3,15
geography/geodata/elevation/usa/Copernicus_DSM_COG_30_N43_00_W073_00_DEM,1,11,0,3,15
geography/geodata/elevation/usa/Copernicus_DSM_COG_30_N43_00_W074_00_DEM,1,11,0,3,15
geography/geodata/elevation/usa/Copernicus_DSM_COG_30_N43_00_W075_00_DEM,1,11,0,3,15
geography/geodata/elevation/usa/Copernicus_DSM_COG_30_N43_00_W076_00_DEM,1,11,0,3,15
geography/geodata/elevation/usa/Copernicus_DSM_COG_30_N43_00_W077_00_DEM,1,11,0,3,15
geography/geodata/elevation/usa/Copernicus_DSM_COG_30_N43_00_W078_00_DEM,1,11,0,3,15
geography/geodata/elevation/usa/Copernicus_DSM_COG_30_N43_00_W079_00_DEM,1,11,0,3,15
geography/geodata/elevation/usa/Copernicus_DSM_COG_30_N43_00_W080_00_DEM,1,11,0,3,15
geography/geodata/elevation/usa/Copernicus_DSM_COG_30_N43_00_W081_00_DEM,1,11,0,3,15
geography/geodata/elevation/usa/Copernicus_DSM_COG_30_N43_00_W082_00_DEM,1,11,0,3,15
geography/geodata/elevation/usa/Copernicus_DSM_COG_30_N43_00_W083_00_DEM,1,11,0,3,15
geography/geodata/elevation/usa/Copernicus_DSM_COG_30_N43_00_W084_00_DEM,1,11,0,3,15
geography/geodata/elevation/usa/Copernicus_DSM_COG_30_N43_00_W085_00_DEM,1,11,0,3,15
geography/geodata/elevation/usa/Copernicus_DSM_COG_30_N43_00_W086_00_DEM,1,11,0,3,15
geography/geodata/elevation/usa/Copernicus_DSM_COG_30_N43_00_W087_00_DEM,1,11,0,3,15
geography/geodata/elevation/usa/Copernicus_DSM_COG_30_N43_00_W088_00_DEM,1,11,0,3,15
geography/geodata/elevation/usa/Copernicus_DSM_COG_30_N43_00_W089_00_DEM,1,11,0,3,15
geography/geodata/elevation/usa/Copernicus_DSM_COG_30_N43_00_W090_00_DEM,1,11,0,3,15
geography/geodata/elevation/usa/Copernicus_DSM_COG_30_N43_00_W091_00_DEM,1,11,0,3,15
geography/geodata/elevation/usa/Copernicus_DSM_COG_30_N43_00_W092_00_DEM,1,11,0,3,15
geography/geodata/elevation/usa/Copernicus_DSM_COG_30_N43_00_W093_00_DEM,1,11,0,3,15
geography/geodata/elevation/usa/Copernicus_DSM_COG_30_N43_00_W094_00_DEM,1,11,0,3,15
geography/geodata/elevation/usa/Copernicus_DSM_COG_30_N43_00_W095_00_DEM,1,11,0,3,15
geography/geodata/elevation/usa/Copernicus_DSM_COG_30_N43_00_W096_00_DEM,1,11,0,3,15
geography/geodata/elevation/usa/Copernicus_DSM_COG_30_N43_00_W097_00_DEM,1,11,0,3,15
geography/geodata/elevation/usa/Copernicus_DSM_COG_30_N43_00_W098_00_DEM,1,11,0,3,15
geography/geodata/elevation/usa/Copernicus_DSM_COG_30_N43_00_W099_00_DEM,1,11,0,3,15
geography/geodata/elevation/usa/Copernicus_DSM_COG_30_N43_00_W100_00_DEM,1,11,0,3,15
geography/geodata/elevation/usa/Copernicus_DSM_COG_30_N43_00_W101_00_DEM,1,11,0,3,15
geography/geodata/elevation/usa/Copernicus_DSM_COG_30_N43_00_W102_00_DEM,1,11,0,3,15
geography/geodata/elevation/usa/Copernicus_DSM_COG_30_N43_00_W103_00_DEM,1,11,0,3,15
geography/geodata/elevation/usa/Copernicus_DSM_COG_30_N43_00_W104_00_DEM,1,11,0,3,15
geography/geodata/elevation/usa/Copernicus_DSM_COG_30_N43_00_W105_00_DEM,1,11,0,3,15
geography/geodata/elevation/usa/Copernicus_DSM_COG_30_N43_00_W106_00_DEM,1,11,0,3,15
geography/geodata/elevation/usa/Copernicus_DSM_COG_30_N43_00_W107_00_DEM,1,11,0,3,15
geography/geodata/elevation/usa/Copernicus_DSM_COG_30_N43_00_W108_00_DEM,1,11,0,3,15
geography/geodata/elevation/usa/Copernicus_DSM_COG_30_N43_00_W109_00_DEM,1,11,0,3,15
geography/geodata/elevation/usa/Copernicus_DSM_COG_30_N43_00_W110_00_DEM,1,11,0,3,15
geography/geodata/elevation/usa/Copernicus_DSM_COG_30_N43_00_W111_00_DEM,1,11,0,3,15
geography/geodata/elevation/usa/Copernicus_DSM_COG_30_N43_00_W112_00_DEM,1,11,0,3,15
geography/geodata/elevation/usa/Copernicus_DSM_COG_30_N43_00_W113_00_DEM,1,11,0,3,15
geography/geodata/elevation/usa/Copernicus_DSM_COG_30_N43_00_W114_00_DEM,1,11,0,3,15
geography/geodata/elevation/usa/Copernicus_DSM_COG_30_N43_00_W115_00_DEM,1,11,0,3,15
geography/geodata/elevation/usa/Copernicus_DSM_COG_30_N43_00_W116_00_DEM,1,11,0,3,15
geography/geodata/elevation/usa/Copernicus_DSM_COG_30_N43_00_W117_00_DEM,1,11,0,3,15
geography/geodata/elevation/usa/Copernicus_DSM_COG_30_N43_00_W118_00_DEM,1,11,0,3,15
geography/geodata/elevation/usa/Copernicus_DSM_COG_30_N43_00_W119_00_DEM,1,11,0,3,15
geography/geodata/elevation/usa/Copernicus_DSM_COG_30_N43_00_W120_00_DEM,1,11,0,3,15
geography/geodata/elevation/usa/Copernicus_DSM_COG_30_N43_00_W121_00_DEM,1,11,0,3,15
geography/geodata/elevation/usa/Copernicus_DSM_COG_30_N43_00_W122_00_DEM,1,11,0,3,15
geography/geodata/elevation/usa/Copernicus_DSM_COG_30_N43_00_W123_00_DEM,1,11,0,3,15
geography/geodata/elevation/usa/Copernicus_DSM_COG_30_N43_00_W124_00_DEM,1,11,0,3,15
geography/geodata/elevation/usa/Copernicus_DSM_COG_30_N43_00_W125_00_DEM,1,11,0,3,15
geography/geodata/elevation/usa/Copernicus_DSM_COG_30_N44_00_W060_00_DEM,1,11,0,3,15
geography/geodata/elevation/usa/Copernicus_DSM_COG_30_N44_00_W062_00_DEM,1,11,0,3,15
geography/geodata/elevation/usa/Copernicus_DSM_COG_30_N44_00_W063_00_DEM,1,11,0,3,15
geography/geodata/elevation/usa/Copernicus_DSM_COG_30_N44_00_W064_00_DEM,1,11,0,3,15
geography/geodata/elevation/usa/Copernicus_DSM_COG_30_N44_00_W065_00_DEM,1,11,0,3,15
geography/geodata/elevation/usa/Copernicus_DSM_COG_30_N44_00_W066_00_DEM,1,11,0,3,15
geography/geodata/elevation/usa/Copernicus_DSM_COG_30_N44_00_W067_00_DEM,1,11,0,3,15
geography/geodata/elevation/usa/Copernicus_DSM_COG_30_N44_00_W068_00_DEM,1,11,0,3,15
geography/geodata/elevation/usa/Copernicus_DSM_COG_30_N44_00_W069_00_DEM,1,11,0,3,15
geography/geodata/elevation/usa/Copernicus_DSM_COG_30_N44_00_W070_00_DEM,1,11,0,3,15
geography/geodata/elevation/usa/Copernicus_DSM_COG_30_N44_00_W071_00_DEM,1,11,0,3,15
geography/geodata/elevation/usa/Copernicus_DSM_COG_30_N44_00_W072_00_DEM,1,11,0,3,15
geography/geodata/elevation/usa/Copernicus_DSM_COG_30_N44_00_W073_00_DEM,1,11,0,3,15
geography/geodata/elevation/usa/Copernicus_DSM_COG_30_N44_00_W074_00_DEM,1,11,0,3,15
geography/geodata/elevation/usa/Copernicus_DSM_COG_30_N44_00_W075_00_DEM,1,11,0,3,15
geography/geodata/elevation/usa/Copernicus_DSM_COG_30_N44_00_W076_00_DEM,1,11,0,3,15
geography/geodata/elevation/usa/Copernicus_DSM_COG_30_N44_00_W077_00_DEM,1,11,0,3,15
geography/geodata/elevation/usa/Copernicus_DSM_COG_30_N44_00_W078_00_DEM,1,11,0,3,15
geography/geodata/elevation/usa/Copernicus_DSM_COG_30_N44_00_W079_00_DEM,1,11,0,3,15
geography/geodata/elevation/usa/Copernicus_DSM_COG_30_N44_00_W080_00_DEM,1,11,0,3,15
geography/geodata/elevation/usa/Copernicus_DSM_COG_30_N44_00_W081_00_DEM,1,11,0,3,15
geography/geodata/elevation/usa/Copernicus_DSM_COG_30_N44_00_W082_00_DEM,1,11,0,3,15
geography/geodata/elevation/usa/Copernicus_DSM_COG_30_N44_00_W083_00_DEM,1,11,0,3,15
geography/geodata/elevation/usa/Copernicus_DSM_COG_30_N44_00_W084_00_DEM,1,11,0,3,15
geography/geodata/elevation/usa/Copernicus_DSM_COG_30_N44_00_W085_00_DEM,1,11,0,3,15
geography/geodata/elevation/usa/Copernicus_DSM_COG_30_N44_00_W086_00_DEM,1,11,0,3,15
geography/geodata/elevation/usa/Copernicus_DSM_COG_30_N44_00_W087_00_DEM,1,11,0,3,15
geography/geodata/elevation/usa/Copernicus_DSM_COG_30_N44_00_W088_00_DEM,1,11,0,3,15
geography/geodata/elevation/usa/Copernicus_DSM_COG_30_N44_00_W089_00_DEM,1,11,0,3,15
geography/geodata/elevation/usa/Copernicus_DSM_COG_30_N44_00_W090_00_DEM,1,11,0,3,15
geography/geodata/elevation/usa/Copernicus_DSM_COG_30_N44_00_W091_00_DEM,1,11,0,3,15
geography/geodata/elevation/usa/Copernicus_DSM_COG_30_N44_00_W092_00_DEM,1,11,0,3,15
geography/geodata/elevation/usa/Copernicus_DSM_COG_30_N44_00_W093_00_DEM,1,11,0,3,15
geography/geodata/elevation/usa/Copernicus_DSM_COG_30_N44_00_W094_00_DEM,1,11,0,3,15
geography/geodata/elevation/usa/Copernicus_DSM_COG_30_N44_00_W095_00_DEM,1,9,0,3,13
geography/geodata/elevation/usa/Copernicus_DSM_COG_30_N44_00_W096_00_DEM,1,11,0,3,15
geography/geodata/elevation/usa/Copernicus_DSM_COG_30_N44_00_W097_00_DEM,1,11,0,3,15
geography/geodata/elevation/usa/Copernicus_DSM_COG_30_N44_00_W098_00_DEM,1,11,0,2,14
geography/geodata/elevation/usa/Copernicus_DSM_COG_30_N44_00_W099_00_DEM,1,11,0,3,15
geography/geodata/elevation/usa/Copernicus_DSM_COG_30_N44_00_W100_00_DEM,1,11,0,3,15
geography/geodata/elevation/usa/Copernicus_DSM_COG_30_N44_00_W101_00_DEM,1,11,0,3,15
geography/geodata/elevation/usa/Copernicus_DSM_COG_30_N44_00_W102_00_DEM,1,11,0,3,15
geography/geodata/elevation/usa/Copernicus_DSM_COG_30_N44_00_W103_00_DEM,1,11,0,3,15
geography/geodata/elevation/usa/Copernicus_DSM_COG_30_N44_00_W104_00_DEM,1,11,0,3,15
geography/geodata/elevation/usa/Copernicus_DSM_COG_30_N44_00_W105_00_DEM,1,11,0,3,15
geography/geodata/elevation/usa/Copernicus_DSM_COG_30_N44_00_W106_00_DEM,1,11,0,3,15
geography/geodata/elevation/usa/Copernicus_DSM_COG_30_N44_00_W107_00_DEM,1,11,0,3,15
geography/geodata/elevation/usa/Copernicus_DSM_COG_30_N44_00_W108_00_DEM,1,11,0,3,15
geography/geodata/elevation/usa/Copernicus_DSM_COG_30_N44_00_W109_00_DEM,1,11,0,3,15
geography/geodata/elevation/usa/Copernicus_DSM_COG_30_N44_00_W110_00_DEM,1,11,0,3,15
geography/geodata/elevation/usa/Copernicus_DSM_COG_30_N44_00_W111_00_DEM,1,11,0,3,15
geography/geodata/elevation/usa/Copernicus_DSM_COG_30_N44_00_W112_00_DEM,1,11,0,3,15
geography/geodata/elevation/usa/Copernicus_DSM_COG_30_N44_00_W113_00_DEM,1,11,0,3,15
geography/geodata/elevation/usa/Copernicus_DSM_COG_30_N44_00_W114_00_DEM,1,11,0,3,15
geography/geodata/elevation/usa/Copernicus_DSM_COG_30_N44_00_W115_00_DEM,1,11,0,3,15
geography/geodata/elevation/usa/Copernicus_DSM_COG_30_N44_00_W116_00_DEM,1,11,0,3,15
geography/geodata/elevation/usa/Copernicus_DSM_COG_30_N44_00_W117_00_DEM,1,11,0,3,15
geography/geodata/elevation/usa/Copernicus_DSM_COG_30_N44_00_W118_00_DEM,1,11,0,3,15
geography/geodata/elevation/usa/Copernicus_DSM_COG_30_N44_00_W119_00_DEM,1,11,0,3,15
geography/geodata/elevation/usa/Copernicus_DSM_COG_30_N44_00_W120_00_DEM,1,11,0,3,15
geography/geodata/elevation/usa/Copernicus_DSM_COG_30_N44_00_W121_00_DEM,1,11,0,3,15
geography/geodata/elevation/usa/Copernicus_DSM_COG_30_N44_00_W122_00_DEM,1,11,0,3,15
geography/geodata/elevation/usa/Copernicus_DSM_COG_30_N44_00_W123_00_DEM,1,11,0,3,15
geography/geodata/elevation/usa/Copernicus_DSM_COG_30_N44_00_W124_00_DEM,1,11,0,3,15
geography/geodata/elevation/usa/Copernicus_DSM_COG_30_N44_00_W125_00_DEM,1,11,0,3,15
geography/geodata/elevation/usa/Copernicus_DSM_COG_30_N45_00_W060_00_DEM,1,11,0,3,15
geography/geodata/elevation/usa/Copernicus_DSM_COG_30_N45_00_W061_00_DEM,1,11,0,3,15
geography/geodata/elevation/usa/Copernicus_DSM_COG_30_N45_00_W062_00_DEM,1,11,0,3,15
geography/geodata/elevation/usa/Copernicus_DSM_COG_30_N45_00_W063_00_DEM,1,11,0,3,15
geography/geodata/elevation/usa/Copernicus_DSM_COG_30_N45_00_W064_00_DEM,1,11,0,3,15
geography/geodata/elevation/usa/Copernicus_DSM_COG_30_N45_00_W065_00_DEM,1,11,0,3,15
geography/geodata/elevation/usa/Copernicus_DSM_COG_30_N45_00_W066_00_DEM,1,11,0,3,15
geography/geodata/elevation/usa/Copernicus_DSM_COG_30_N45_00_W067_00_DEM,1,11,0,3,15
geography/geodata/elevation/usa/Copernicus_DSM_COG_30_N45_00_W068_00_DEM,1,11,0,3,15
geography/geodata/elevation/usa/Copernicus_DSM_COG_30_N45_00_W069_00_DEM,1,11,0,3,15
geography/geodata/elevation/usa/Copernicus_DSM_COG_30_N45_00_W070_00_DEM,1,11,0,3,15
geography/geodata/elevation/usa/Copernicus_DSM_COG_30_N45_00_W071_00_DEM,1,11,0,3,15
geography/geodata/elevation/usa/Copernicus_DSM_COG_30_N45_00_W072_00_DEM,1,11,0,3,15
geography/geodata/elevation/usa/Copernicus_DSM_COG_30_N45_00_W073_00_DEM,1,11,0,3,15
geography/geodata/elevation/usa/Copernicus_DSM_COG_30_N45_00_W074_00_DEM,1,11,0,3,15
geography/geodata/elevation/usa/Copernicus_DSM_COG_30_N45_00_W075_00_DEM,1,11,0,3,15
geography/geodata/elevation/usa/Copernicus_DSM_COG_30_N45_00_W076_00_DEM,1,11,0,3,15
geography/geodata/elevation/usa/Copernicus_DSM_COG_30_N45_00_W077_00_DEM,1,11,0,3,15
geography/geodata/elevation/usa/Copernicus_DSM_COG_30_N45_00_W078_00_DEM,1,11,0,3,15
geography/geodata/elevation/usa/Copernicus_DSM_COG_30_N45_00_W079_00_DEM,1,11,0,3,15
geography/geodata/elevation/usa/Copernicus_DSM_COG_30_N45_00_W080_00_DEM,1,11,0,3,15
geography/geodata/elevation/usa/Copernicus_DSM_COG_30_N45_00_W081_00_DEM,1,11,0,3,15
geography/geodata/elevation/usa/Copernicus_DSM_COG_30_N45_00_W082_00_DEM,1,11,0,3,15
geography/geodata/elevation/usa/Copernicus_DSM_COG_30_N45_00_W083_00_DEM,1,11,0,3,15
geography/geodata/elevation/usa/Copernicus_DSM_COG_30_N45_00_W084_00_DEM,1,11,0,3,15
geography/geodata/elevation/usa/Copernicus_DSM_COG_30_N45_00_W085_00_DEM,1,11,0,3,15
geography/geodata/elevation/usa/Copernicus_DSM_COG_30_N45_00_W086_00_DEM,1,11,0,3,15
geography/geodata/elevation/usa/Copernicus_DSM_COG_30_N45_00_W087_00_DEM,1,11,0,3,15
geography/geodata/elevation/usa/Copernicus_DSM_COG_30_N45_00_W088_00_DEM,1,11,0,3,15
geography/geodata/elevation/usa/Copernicus_DSM_COG_30_N45_00_W089_00_DEM,1,11,0,3,15
geography/geodata/elevation/usa/Copernicus_DSM_COG_30_N45_00_W090_00_DEM,1,11,0,3,15
geography/geodata/elevation/usa/Copernicus_DSM_COG_30_N45_00_W091_00_DEM,1,11,0,3,15
geography/geodata/elevation/usa/Copernicus_DSM_COG_30_N45_00_W092_00_DEM,1,11,0,3,15
geography/geodata/elevation/usa/Copernicus_DSM_COG_30_N45_00_W093_00_DEM,1,11,0,3,15
geography/geodata/elevation/usa/Copernicus_DSM_COG_30_N45_00_W094_00_DEM,1,11,0,3,15
geography/geodata/elevation/usa/Copernicus_DSM_COG_30_N45_00_W095_00_DEM,1,11,0,3,15
geography/geodata/elevation/usa/Copernicus_DSM_COG_30_N45_00_W096_00_DEM,1,11,0,3,15
geography/geodata/elevation/usa/Copernicus_DSM_COG_30_N45_00_W097_00_DEM,1,11,0,3,15
geography/geodata/elevation/usa/Copernicus_DSM_COG_30_N45_00_W098_00_DEM,1,11,0,3,15
geography/geodata/elevation/usa/Copernicus_DSM_COG_30_N45_00_W099_00_DEM,1,11,0,3,15
geography/geodata/elevation/usa/Copernicus_DSM_COG_30_N45_00_W100_00_DEM,1,11,0,3,15
geography/geodata/elevation/usa/Copernicus_DSM_COG_30_N45_00_W101_00_DEM,1,11,0,3,15
geography/geodata/elevation/usa/Copernicus_DSM_COG_30_N45_00_W102_00_DEM,1,11,0,3,15
geography/geodata/elevation/usa/Copernicus_DSM_COG_30_N45_00_W103_00_DEM,1,11,0,3,15
geography/geodata/elevation/usa/Copernicus_DSM_COG_30_N45_00_W104_00_DEM,1,11,0,3,15
geography/geodata/elevation/usa/Copernicus_DSM_COG_30_N45_00_W105_00_DEM,1,11,0,3,15
geography/geodata/elevation/usa/Copernicus_DSM_COG_30_N45_00_W106_00_DEM,1,11,0,3,15
geography/geodata/elevation/usa/Copernicus_DSM_COG_30_N45_00_W107_00_DEM,1,11,0,3,15
geography/geodata/elevation/usa/Copernicus_DSM_COG_30_N45_00_W108_00_DEM,1,11,0,3,15
geography/geodata/elevation/usa/Copernicus_DSM_COG_30_N45_00_W109_00_DEM,1,11,0,3,15
geography/geodata/elevation/usa/Copernicus_DSM_COG_30_N45_00_W110_00_DEM,1,11,0,3,15
geography/geodata/elevation/usa/Copernicus_DSM_COG_30_N45_00_W111_00_DEM,1,11,0,3,15
geography/geodata/elevation/usa/Copernicus_DSM_COG_30_N45_00_W112_00_DEM,1,11,0,3,15
geography/geodata/elevation/usa/Copernicus_DSM_COG_30_N45_00_W113_00_DEM,1,11,0,3,15
geography/geodata/elevation/usa/Copernicus_DSM_COG_30_N45_00_W114_00_DEM,1,11,0,3,15
geography/geodata/elevation/usa/Copernicus_DSM_COG_30_N45_00_W115_00_DEM,1,11,0,3,15
geography/geodata/elevation/usa/Copernicus_DSM_COG_30_N45_00_W116_00_DEM,1,11,0,3,15
geography/geodata/elevation/usa/Copernicus_DSM_COG_30_N45_00_W117_00_DEM,1,10,0,3,14
geography/geodata/elevation/usa/Copernicus_DSM_COG_30_N45_00_W118_00_DEM,1,11,0,3,15
geography/geodata/elevation/usa/Copernicus_DSM_COG_30_N45_00_W119_00_DEM,1,10,0,2,13
geography/geodata/elevation/usa/Copernicus_DSM_COG_30_N45_00_W120_00_DEM,1,11,0,3,15
geography/geodata/elevation/usa/Copernicus_DSM_COG_30_N45_00_W121_00_DEM,1,11,0,3,15
geography/geodata/elevation/usa/Copernicus_DSM_COG_30_N45_00_W122_00_DEM,1,11,0,3,15
geography/geodata/elevation/usa/Copernicus_DSM_COG_30_N45_00_W123_00_DEM,1,10,0,3,14
geography/geodata/elevation/usa/Copernicus_DSM_COG_30_N45_00_W124_00_DEM,1,11,0,3,15
geography/geodata/elevation/usa/Copernicus_DSM_COG_30_N45_00_W125_00_DEM,1,11,0,3,15
geography/geodata/elevation/usa/Copernicus_DSM_COG_30_N46_00_W060_00_DEM,1,11,0,3,15
geography/geodata/elevation/usa/Copernicus_DSM_COG_30_N46_00_W061_00_DEM,1,11,0,3,15
geography/geodata/elevation/usa/Copernicus_DSM_COG_30_N46_00_W062_00_DEM,1,11,0,3,15
geography/geodata/elevation/usa/Copernicus_DSM_COG_30_N46_00_W063_00_DEM,1,11,0,3,15
geography/geodata/elevation/usa/Copernicus_DSM_COG_30_N46_00_W064_00_DEM,1,11,0,3,15
geography/geodata/elevation/usa/Copernicus_DSM_COG_30_N46_00_W065_00_DEM,1,8,0,3,12
geography/geodata/elevation/usa/Copernicus_DSM_COG_30_N46_00_W066_00_DEM,1,11,0,3,15
geography/geodata/elevation/usa/Copernicus_DSM_COG_30_N46_00_W067_00_DEM,1,11,0,3,15
geography/geodata/elevation/usa/Copernicus_DSM_COG_30_N46_00_W068_00_DEM,1,11,0,3,15
geography/geodata/elevation/usa/Copernicus_DSM_COG_30_N46_00_W069_00_DEM,1,11,0,3,15
geography/geodata/elevation/usa/Copernicus_DSM_COG_30_N46_00_W070_00_DEM,1,11,0,3,15
geography/geodata/elevation/usa/Copernicus_DSM_COG_30_N46_00_W071_00_DEM,1,5,0,3,9
geography/geodata/elevation/usa/Copernicus_DSM_COG_30_N46_00_W072_00_DEM,1,10,0,3,14
geography/geodata/elevation/usa/Copernicus_DSM_COG_30_N46_00_W073_00_DEM,1,11,0,3,15
geography/geodata/elevation/usa/Copernicus_DSM_COG_30_N46_00_W074_00_DEM,1,11,0,3,15
geography/geodata/elevation/usa/Copernicus_DSM_COG_30_N46_00_W075_00_DEM,1,11,0,3,15
geography/geodata/elevation/usa/Copernicus_DSM_COG_30_N46_00_W076_00_DEM,1,11,0,3,15
geography/geodata/elevation/usa/Copernicus_DSM_COG_30_N46_00_W077_00_DEM,1,11,0,3,15
geography/geodata/elevation/usa/Copernicus_DSM_COG_30_N46_00_W078_00_DEM,1,11,0,3,15
geography/geodata/elevation/usa/Copernicus_DSM_COG_30_N46_00_W079_00_DEM,1,11,0,3,15
geography/geodata/elevation/usa/Copernicus_DSM_COG_30_N46_00_W082_00_DEM,1,11,0,3,15
geography/geodata/elevation/usa/Copernicus_DSM_COG_30_N46_00_W083_00_DEM,1,9,0,3,13
geography/geodata/elevation/usa/Copernicus_DSM_COG_30_N46_00_W084_00_DEM,0,7,0,1,8
geography/geodata/elevation/usa/Copernicus_DSM_COG_30_N46_00_W085_00_DEM,1,10,0,3,14
geography/geodata/elevation/usa/Copernicus_DSM_COG_30_N46_00_W086_00_DEM,1,10,0,3,14
geography/geodata/elevation/usa/Copernicus_DSM_COG_30_N46_00_W087_00_DEM,1,11,0,3,15
geography/geodata/elevation/usa/Copernicus_DSM_COG_30_N46_00_W088_00_DEM,1,11,0,3,15
geography/geodata/elevation/usa/Copernicus_DSM_COG_30_N46_00_W089_00_DEM,1,11,0,3,15
geography/geodata/elevation/usa/Copernicus_DSM_COG_30_N46_00_W090_00_DEM,1,11,0,3,15
geography/geodata/elevation/usa/Copernicus_DSM_COG_30_N46_00_W091_00_DEM,1,11,0,3,15
geography/geodata/elevation/usa/Copernicus_DSM_COG_30_N46_00_W092_00_DEM,1,11,0,3,15
geography/geodata/elevation/usa/Copernicus_DSM_COG_30_N46_00_W093_00_DEM,1,11,0,3,15
geography/geodata/elevation/usa/Copernicus_DSM_COG_30_N46_00_W094_00_DEM,1,11,0,3,15
geography/geodata/elevation/usa/Copernicus_DSM_COG_30_N46_00_W095_00_DEM,1,11,0,3,15
geography/geodata/elevation/usa/Copernicus_DSM_COG_30_N46_00_W096_00_DEM,1,11,0,3,15
geography/geodata/elevation/usa/Copernicus_DSM_COG_30_N46_00_W097_00_DEM,1,11,0,3,15
geography/geodata/elevation/usa/Copernicus_DSM_COG_30_N46_00_W098_00_DEM,1,11,0,3,15
geography/geodata/elevation/usa/Copernicus_DSM_COG_30_N46_00_W099_00_DEM,1,11,0,3,15
geography/geodata/elevation/usa/Copernicus_DSM_COG_30_N46_00_W100_00_DEM,1,11,0,3,15
geography/geodata/elevation/usa/Copernicus_DSM_COG_30_N46_00_W101_00_DEM,1,11,0,3,15
geography/geodata/elevation/usa/Copernicus_DSM_COG_30_N46_00_W102_00_DEM,1,11,0,3,15
geography/geodata/elevation/usa/Copernicus_DSM_COG_30_N46_00_W103_00_DEM,1,11,0,3,15
geography/geodata/elevation/usa/Copernicus_DSM_COG_30_N46_00_W104_00_DEM,1,11,0,3,15
geography/geodata/elevation/usa/Copernicus_DSM_COG_30_N46_00_W105_00_DEM,1,11,0,3,15
geography/geodata/elevation/usa/Copernicus_DSM_COG_30_N46_00_W106_00_DEM,1,11,0,3,15
geography/geodata/elevation/usa/Copernicus_DSM_COG_30_N46_00_W107_00_DEM,1,11,0,3,15
geography/geodata/elevation/usa/Copernicus_DSM_COG_30_N46_00_W108_00_DEM,1,11,0,3,15
geography/geodata/elevation/usa/Copernicus_DSM_COG_30_N46_00_W109_00_DEM,1,11,0,3,15
geography/geodata/elevation/usa/Copernicus_DSM_COG_30_N46_00_W110_00_DEM,1,11,0,3,15
geography/geodata/elevation/usa/Copernicus_DSM_COG_30_N46_00_W111_00_DEM,1,11,0,3,15
geography/geodata/elevation/usa/Copernicus_DSM_COG_30_N46_00_W112_00_DEM,1,11,0,3,15
geography/geodata/elevation/usa/Copernicus_DSM_COG_30_N46_00_W113_00_DEM,1,11,0,3,15
geography/geodata/elevation/usa/Copernicus_DSM_COG_30_N46_00_W114_00_DEM,1,11,0,3,15
geography/geodata/elevation/usa/Copernicus_DSM_COG_30_N46_00_W115_00_DEM,1,11,0,3,15
geography/geodata/elevation/usa/Copernicus_DSM_COG_30_N46_00_W116_00_DEM,1,11,0,3,15
geography/geodata/elevation/usa/Copernicus_DSM_COG_30_N46_00_W117_00_DEM,1,11,0,3,15
geography/geodata/elevation/usa/Copernicus_DSM_COG_30_N46_00_W118_00_DEM,1,11,0,3,15
geography/geodata/elevation/usa/Copernicus_DSM_COG_30_N46_00_W119_00_DEM,1,11,0,3,15
geography/geodata/elevation/usa/Copernicus_DSM_COG_30_N46_00_W120_00_DEM,1,11,0,3,15
geography/geodata/elevation/usa/Copernicus_DSM_COG_30_N46_00_W121_00_DEM,1,11,0,3,15
geography/geodata/elevation/usa/Copernicus_DSM_COG_30_N46_00_W122_00_DEM,1,11,0,3,15
geography/geodata/elevation/usa/Copernicus_DSM_COG_30_N46_00_W123_00_DEM,1,11,0,3,15
geography/geodata/elevation/usa/Copernicus_DSM_COG_30_N46_00_W124_00_DEM,1,11,0,3,15
geography/geodata/elevation/usa/Copernicus_DSM_COG_30_N46_00_W125_00_DEM,1,11,0,3,15
geography/geodata/elevation/usa/Copernicus_DSM_COG_30_N47_00_W060_00_DEM,1,11,0,3,15
geography/geodata/elevation/usa/Copernicus_DSM_COG_30_N47_00_W061_00_DEM,1,11,0,3,15
geography/geodata/elevation/usa/Copernicus_DSM_COG_30_N47_00_W062_00_DEM,1,11,0,3,15
geography/geodata/elevation/usa/Copernicus_DSM_COG_30_N47_00_W063_00_DEM,1,11,0,3,15
geography/geodata/elevation/usa/Copernicus_DSM_COG_30_N47_00_W064_00_DEM,1,11,0,3,15
geography/geodata/elevation/usa/Copernicus_DSM_COG_30_N47_00_W065_00_DEM,1,11,0,3,15
geography/geodata/elevation/usa/Copernicus_DSM_COG_30_N47_00_W066_00_DEM,1,11,0,3,15
geography/geodata/elevation/usa/Copernicus_DSM_COG_30_N47_00_W067_00_DEM,1,11,0,3,15
geography/geodata/elevation/usa/Copernicus_DSM_COG_30_N47_00_W068_00_DEM,1,11,0,3,15
geography/geodata/elevation/usa/Copernicus_DSM_COG_30_N47_00_W069_00_DEM,1,11,0,3,15
geography/geodata/elevation/usa/Copernicus_DSM_COG_30_N47_00_W070_00_DEM,1,11,0,3,15
geography/geodata/elevation/usa/Copernicus_DSM_COG_30_N47_00_W071_00_DEM,1,11,0,3,15
geography/geodata/elevation/usa/Copernicus_DSM_COG_30_N47_00_W072_00_DEM,1,11,0,3,15
geography/geodata/elevation/usa/Copernicus_DSM_COG_30_N47_00_W073_00_DEM,1,11,0,3,15
geography/geodata/elevation/usa/Copernicus_DSM_COG_30_N47_00_W074_00_DEM,1,11,0,3,15
geography/geodata/elevation/usa/Copernicus_DSM_COG_30_N47_00_W075_00_DEM,1,11,0,3,15
geography/geodata/elevation/usa/Copernicus_DSM_COG_30_N47_00_W076_00_DEM,1,11,0,3,15
geography/geodata/elevation/usa/Copernicus_DSM_COG_30_N47_00_W077_00_DEM,1,11,0,3,15
geography/geodata/elevation/usa/Copernicus_DSM_COG_30_N47_00_W078_00_DEM,1,11,0,3,15
geography/geodata/elevation/usa/Copernicus_DSM_COG_30_N47_00_W079_00_DEM,1,11,0,3,15
geography/geodata/elevation/usa/Copernicus_DSM_COG_30_N47_00_W080_00_DEM,1,11,0,3,15
geography/geodata/elevation/usa/Copernicus_DSM_COG_30_N47_00_W081_00_DEM,1,11,0,3,15
geography/geodata/elevation/usa/Copernicus_DSM_COG_30_N47_00_W082_00_DEM,1,11,0,3,15
geography/geodata/elevation/usa/Copernicus_DSM_COG_30_N47_00_W083_00_DEM,1,11,0,3,15
geography/geodata/elevation/usa/Copernicus_DSM_COG_30_N47_00_W084_00_DEM,1,11,0,3,15
geography/geodata/elevation/usa/Copernicus_DSM_COG_30_N47_00_W085_00_DEM,1,11,0,3,15
geography/geodata/elevation/usa/Copernicus_DSM_COG_30_N47_00_W086_00_DEM,1,11,0,3,15
geography/geodata/elevation/usa/Copernicus_DSM_COG_30_N47_00_W087_00_DEM,1,11,0,3,15
geography/geodata/elevation/usa/Copernicus_DSM_COG_30_N47_00_W088_00_DEM,1,11,0,3,15
geography/geodata/elevation/usa/Copernicus_DSM_COG_30_N47_00_W089_00_DEM,1,11,0,3,15
geography/geodata/elevation/usa/Copernicus_DSM_COG_30_N47_00_W090_00_DEM,1,11,0,3,15
geography/geodata/elevation/usa/Copernicus_DSM_COG_30_N47_00_W091_00_DEM,1,11,0,3,15
geography/geodata/elevation/usa/Copernicus_DSM_COG_30_N47_00_W092_00_DEM,1,11,0,3,15
geography/geodata/elevation/usa/Copernicus_DSM_COG_30_N47_00_W093_00_DEM,1,11,0,3,15
geography/geodata/elevation/usa/Copernicus_DSM_COG_30_N47_00_W094_00_DEM,1,11,0,3,15
geography/geodata/elevation/usa/Copernicus_DSM_COG_30_N47_00_W095_00_DEM,1,11,0,3,15
geography/geodata/elevation/usa/Copernicus_DSM_COG_30_N47_00_W096_00_DEM,1,11,0,3,15
geography/geodata/elevation/usa/Copernicus_DSM_COG_30_N47_00_W097_00_DEM,1,11,0,3,15
geography/geodata/elevation/usa/Copernicus_DSM_COG_30_N47_00_W098_00_DEM,1,11,0,3,15
geography/geodata/elevation/usa/Copernicus_DSM_COG_30_N47_00_W099_00_DEM,1,11,0,3,15
geography/geodata/elevation/usa/Copernicus_DSM_COG_30_N47_00_W100_00_DEM,1,11,0,3,15
geography/geodata/elevation/usa/Copernicus_DSM_COG_30_N47_00_W101_00_DEM,1,11,0,3,15
geography/geodata/elevation/usa/Copernicus_DSM_COG_30_N47_00_W102_00_DEM,1,10,0,3,14
geography/geodata/elevation/usa/Copernicus_DSM_COG_30_N47_00_W103_00_DEM,1,11,0,3,15
geography/geodata/elevation/usa/Copernicus_DSM_COG_30_N47_00_W104_00_DEM,1,11,0,3,15
geography/geodata/elevation/usa/Copernicus_DSM_COG_30_N47_00_W105_00_DEM,1,11,0,3,15
geography/geodata/elevation/usa/Copernicus_DSM_COG_30_N47_00_W106_00_DEM,1,11,0,3,15
geography/geodata/elevation/usa/Copernicus_DSM_COG_30_N47_00_W107_00_DEM,1,11,0,3,15
geography/geodata/elevation/usa/Copernicus_DSM_COG_30_N47_00_W108_00_DEM,1,11,0,3,15
geography/geodata/elevation/usa/Copernicus_DSM_COG_30_N47_00_W109_00_DEM,1,10,0,3,14
geography/geodata/elevation/usa/Copernicus_DSM_COG_30_N47_00_W110_00_DEM,1,11,0,3,15
geography/geodata/elevation/usa/Copernicus_DSM_COG_30_N47_00_W111_00_DEM,1,11,0,3,15
geography/geodata/elevation/usa/Copernicus_DSM_COG_30_N47_00_W112_00_DEM,1,11,0,3,15
geography/geodata/elevation/usa/Copernicus_DSM_COG_30_N47_00_W113_00_DEM,1,11,0,3,15
geography/geodata/elevation/usa/Copernicus_DSM_COG_30_N47_00_W114_00_DEM,1,11,0,2,14
geography/geodata/elevation/usa/Copernicus_DSM_COG_30_N47_00_W115_00_DEM,1,11,0,3,15
geography/geodata/elevation/usa/Copernicus_DSM_COG_30_N47_00_W116_00_DEM,1,11,0,3,15
geography/geodata/elevation/usa/Copernicus_DSM_COG_30_N47_00_W117_00_DEM,1,11,0,3,15
geography/geodata/elevation/usa/Copernicus_DSM_COG_30_N47_00_W118_00_DEM,1,11,0,3,15
geography/geodata/elevation/usa/Copernicus_DSM_COG_30_N47_00_W119_00_DEM,1,10,0,3,14
geography/geodata/elevation/usa/Copernicus_DSM_COG_30_N47_00_W120_00_DEM,1,11,0,3,15
geography/geodata/elevation/usa/Copernicus_DSM_COG_30_N47_00_W121_00_DEM,1,11,0,3,15
geography/geodata/elevation/usa/Copernicus_DSM_COG_30_N47_00_W122_00_DEM,1,11,0,3,15
geography/geodata/elevation/usa/Copernicus_DSM_COG_30_N47_00_W123_00_DEM,1,11,0,3,15
geography/geodata/elevation/usa/Copernicus_DSM_COG_30_N47_00_W124_00_DEM,1,11,0,3,15
geography/geodata/elevation/usa/Copernicus_DSM_COG_30_N47_00_W125_00_DEM,1,11,0,3,15
geography/geodata/elevation/usa/Copernicus_DSM_COG_30_N48_00_W060_00_DEM,1,11,0,3,15
geography/geodata/elevation/usa/Copernicus_DSM_COG_30_N48_00_W065_00_DEM,1,11,0,3,15
geography/geodata/elevation/usa/Copernicus_DSM_COG_30_N48_00_W066_00_DEM,1,11,0,3,15
geography/geodata/elevation/usa/Copernicus_DSM_COG_30_N48_00_W067_00_DEM,1,11,0,3,15
geography/geodata/elevation/usa/Copernicus_DSM_COG_30_N48_00_W068_00_DEM,1,11,0,3,15
geography/geodata/elevation/usa/Copernicus_DSM_COG_30_N48_00_W069_00_DEM,1,11,0,3,15
geography/geodata/elevation/usa/Copernicus_DSM_COG_30_N48_00_W070_00_DEM,1,11,0,3,15
geography/geodata/elevation/usa/Copernicus_DSM_COG_30_N48_00_W071_00_DEM,1,11,0,3,15
geography/geodata/elevation/usa/Copernicus_DSM_COG_30_N48_00_W072_00_DEM,1,11,0,3,15
geography/geodata/elevation/usa/Copernicus_DSM_COG_30_N48_00_W073_00_DEM,1,11,0,3,15
geography/geodata/elevation/usa/Copernicus_DSM_COG_30_N48_00_W074_00_DEM,1,11,0,3,15
geography/geodata/elevation/usa/Copernicus_DSM_COG_30_N48_00_W075_00_DEM,1,11,0,3,15
geography/geodata/elevation/usa/Copernicus_DSM_COG_30_N48_00_W076_00_DEM,1,11,0,3,15
geography/geodata/elevation/usa/Copernicus_DSM_COG_30_N48_00_W077_00_DEM,1,11,0,3,15
geography/geodata/elevation/usa/Copernicus_DSM_COG_30_N48_00_W078_00_DEM,1,11,0,3,15
geography/geodata/elevation/usa/Copernicus_DSM_COG_30_N48_00_W079_00_DEM,1,11,0,3,15
geography/geodata/elevation/usa/Copernicus_DSM_COG_30_N48_00_W080_00_DEM,1,11,0,3,15
geography/geodata/elevation/usa/Copernicus_DSM_COG_30_N48_00_W081_00_DEM,1,11,0,3,15
geography/geodata/elevation/usa/Copernicus_DSM_COG_30_N48_00_W082_00_DEM,1,11,0,3,15
geography/geodata/elevation/usa/Copernicus_DSM_COG_30_N48_00_W083_00_DEM,1,11,0,3,15
geography/geodata/elevation/usa/Copernicus_DSM_COG_30_N48_00_W084_00_DEM,1,11,0,3,15
geography/geodata/elevation/usa/Copernicus_DSM_COG_30_N48_00_W085_00_DEM,1,11,0,3,15
geography/geodata/elevation/usa/Copernicus_DSM_COG_30_N48_00_W086_00_DEM,1,11,0,3,15
geography/geodata/elevation/usa/Copernicus_DSM_COG_30_N48_00_W087_00_DEM,1,11,0,3,15
geography/geodata/elevation/usa/Copernicus_DSM_COG_30_N48_00_W088_00_DEM,1,11,0,3,15
geography/geodata/elevation/usa/Copernicus_DSM_COG_30_N48_00_W089_00_DEM,1,11,0,3,15
geography/geodata/elevation/usa/Copernicus_DSM_COG_30_N48_00_W090_00_DEM,1,11,0,3,15
geography/geodata/elevation/usa/Copernicus_DSM_COG_30_N48_00_W091_00_DEM,1,11,0,3,15
geography/geodata/elevation/usa/Copernicus_DSM_COG_30_N48_00_W092_00_DEM,1,11,0,3,15
geography/geodata/elevation/usa/Copernicus_DSM_COG_30_N48_00_W093_00_DEM,1,11,0,3,15
geography/geodata/elevation/usa/Copernicus_DSM_COG_30_N48_00_W094_00_DEM,1,11,0,3,15
geography/geodata/elevation/usa/Copernicus_DSM_COG_30_N48_00_W095_00_DEM,1,11,0,3,15
geography/geodata/elevation/usa/Copernicus_DSM_COG_30_N48_00_W096_00_DEM,1,11,0,3,15
geography/geodata/elevation/usa/Copernicus_DSM_COG_30_N48_00_W097_00_DEM,1,11,0,3,15
geography/geodata/elevation/usa/Copernicus_DSM_COG_30_N48_00_W098_00_DEM,1,11,0,3,15
geography/geodata/elevation/usa/Copernicus_DSM_COG_30_N48_00_W099_00_DEM,1,11,0,3,15
geography/geodata/elevation/usa/Copernicus_DSM_COG_30_N48_00_W100_00_DEM,1,11,0,3,15
geography/geodata/elevation/usa/Copernicus_DSM_COG_30_N48_00_W101_00_DEM,1,11,0,3,15
geography/geodata/elevation/usa/Copernicus_DSM_COG_30_N48_00_W102_00_DEM,1,11,0,3,15
geography/geodata/elevation/usa/Copernicus_DSM_COG_30_N48_00_W103_00_DEM,1,11,0,3,15
geography/geodata/elevation/usa/Copernicus_DSM_COG_30_N48_00_W104_00_DEM,1,11,0,3,15
geography/geodata/elevation/usa/Copernicus_DSM_COG_30_N48_00_W105_00_DEM,1,11,0,3,15
geography/geodata/elevation/usa/Copernicus_DSM_COG_30_N48_00_W106_00_DEM,1,11,0,3,15
geography/geodata/elevation/usa/Copernicus_DSM_COG_30_N48_00_W107_00_DEM,1,11,0,3,15
geography/geodata/elevation/usa/Copernicus_DSM_COG_30_N48_00_W108_00_DEM,1,11,0,3,15
geography/geodata/elevation/usa/Copernicus_DSM_COG_30_N48_00_W109_00_DEM,1,11,0,3,15
geography/geodata/elevation/usa/Copernicus_DSM_COG_30_N48_00_W110_00_DEM,1,11,0,3,15
geography/geodata/elevation/usa/Copernicus_DSM_COG_30_N48_00_W111_00_DEM,1,11,0,3,15
geography/geodata/elevation/usa/Copernicus_DSM_COG_30_N48_00_W112_00_DEM,1,11,0,3,15
geography/geodata/elevation/usa/Copernicus_DSM_COG_30_N48_00_W113_00_DEM,1,11,0,3,15
geography/geodata/elevation/usa/Copernicus_DSM_COG_30_N48_00_W114_00_DEM,1,11,0,3,15
geography/geodata/elevation/usa/Copernicus_DSM_COG_30_N48_00_W115_00_DEM,1,11,0,3,15
geography/geodata/elevation/usa/Copernicus_DSM_COG_30_N48_00_W116_00_DEM,1,11,0,3,15
geography/geodata/elevation/usa/Copernicus_DSM_COG_30_N48_00_W117_00_DEM,1,11,0,3,15
geography/geodata/elevation/usa/Copernicus_DSM_COG_30_N48_00_W118_00_DEM,1,11,0,3,15
geography/geodata/elevation/usa/Copernicus_DSM_COG_30_N48_00_W119_00_DEM,1,11,0,3,15
geography/geodata/elevation/usa/Copernicus_DSM_COG_30_N48_00_W120_00_DEM,1,11,0,3,15
geography/geodata/elevation/usa/Copernicus_DSM_COG_30_N48_00_W121_00_DEM,1,11,0,3,15
geography/geodata/elevation/usa/Copernicus_DSM_COG_30_N48_00_W122_00_DEM,1,11,0,3,15
geography/geodata/elevation/usa/Copernicus_DSM_COG_30_N48_00_W123_00_DEM,1,11,0,3,15
geography/geodata/elevation/usa/Copernicus_DSM_COG_30_N48_00_W124_00_DEM,1,11,0,3,15
geography/geodata/elevation/usa/Copernicus_DSM_COG_30_N48_00_W125_00_DEM,1,11,0,3,15
geography/geodata/elevation/usa/Copernicus_DSM_COG_30_N48_00_W126_00_DEM,1,11,0,3,15
geography/geodata/elevation/usa/Copernicus_DSM_COG_30_N49_00_W062_00_DEM,1,11,0,3,15
geography/geodata/elevation/usa/Copernicus_DSM_COG_30_N49_00_W063_00_DEM,1,11,0,3,15
geography/geodata/elevation/usa/Copernicus_DSM_COG_30_N49_00_W064_00_DEM,1,11,0,3,15
geography/geodata/elevation/usa/Copernicus_DSM_COG_30_N49_00_W065_00_DEM,1,11,0,3,15
geography/geodata/elevation/usa/Copernicus_DSM_COG_30_N49_00_W066_00_DEM,1,11,0,3,15
geography/geodata/elevation/usa/Copernicus_DSM_COG_30_N49_00_W067_00_DEM,1,11,0,3,15
geography/geodata/elevation/usa/Copernicus_DSM_COG_30_N49_00_W068_00_DEM,1,11,0,3,15
geography/geodata/elevation/usa/Copernicus_DSM_COG_30_N49_00_W069_00_DEM,1,11,0,3,15
geography/geodata/elevation/usa/Copernicus_DSM_COG_30_N49_00_W070_00_DEM,1,11,0,3,15
geography/geodata/elevation/usa/Copernicus_DSM_COG_30_N49_00_W071_00_DEM,1,11,0,3,15
geography/geodata/elevation/usa/Copernicus_DSM_COG_30_N49_00_W072_00_DEM,1,11,0,3,15
geography/geodata/elevation/usa/Copernicus_DSM_COG_30_N49_00_W073_00_DEM,1,11,0,3,15
geography/geodata/elevation/usa/Copernicus_DSM_COG_30_N49_00_W074_00_DEM,1,11,0,3,15
geography/geodata/elevation/usa/Copernicus_DSM_COG_30_N49_00_W075_00_DEM,1,11,0,3,15
geography/geodata/elevation/usa/Copernicus_DSM_COG_30_N49_00_W076_00_DEM,1,11,0,3,15
geography/geodata/elevation/usa/Copernicus_DSM_COG_30_N49_00_W077_00_DEM,1,11,0,3,15
geography/geodata/elevation/usa/Copernicus_DSM_COG_30_N49_00_W078_00_DEM,1,11,0,3,15
geography/geodata/elevation/usa/Copernicus_DSM_COG_30_N49_00_W079_00_DEM,1,11,0,3,15
geography/geodata/elevation/usa/Copernicus_DSM_COG_30_N49_00_W080_00_DEM,1,11,0,3,15
geography/geodata/elevation/usa/Copernicus_DSM_COG_30_N49_00_W081_00_DEM,1,11,0,3,15
geography/geodata/elevation/usa/Copernicus_DSM_COG_30_N49_00_W082_00_DEM,1,11,0,3,15
geography/geodata/elevation/usa/Copernicus_DSM_COG_30_N49_00_W083_00_DEM,1,11,0,3,15
geography/geodata/elevation/usa/Copernicus_DSM_COG_30_N49_00_W084_00_DEM,1,11,0,3,15
geography/geodata/elevation/usa/Copernicus_DSM_COG_30_N49_00_W085_00_DEM,1,11,0,3,15
geography/geodata/elevation/usa/Copernicus_DSM_COG_30_N49_00_W086_00_DEM,1,11,0,3,15
geography/geodata/elevation/usa/Copernicus_DSM_COG_30_N49_00_W087_00_DEM,1,11,0,3,15
geography/geodata/elevation/usa/Copernicus_DSM_COG_30_N49_00_W088_00_DEM,1,11,0,3,15
geography/geodata/elevation/usa/Copernicus_DSM_COG_30_N49_00_W089_00_DEM,1,11,0,3,15
geography/geodata/elevation/usa/Copernicus_DSM_COG_30_N49_00_W090_00_DEM,1,11,0,3,15
geography/geodata/elevation/usa/Copernicus_DSM_COG_30_N49_00_W091_00_DEM,1,11,0,3,15
geography/geodata/elevation/usa/Copernicus_DSM_COG_30_N49_00_W092_00_DEM,1,11,0,3,15
geography/geodata/elevation/usa/Copernicus_DSM_COG_30_N49_00_W093_00_DEM,1,11,0,3,15
geography/geodata/elevation/usa/Copernicus_DSM_COG_30_N49_00_W094_00_DEM,1,11,0,3,15
geography/geodata/elevation/usa/Copernicus_DSM_COG_30_N49_00_W095_00_DEM,1,11,0,3,15
geography/geodata/elevation/usa/Copernicus_DSM_COG_30_N49_00_W096_00_DEM,1,11,0,3,15
geography/geodata/elevation/usa/Copernicus_DSM_COG_30_N49_00_W097_00_DEM,1,11,0,3,15
geography/geodata/elevation/usa/Copernicus_DSM_COG_30_N49_00_W098_00_DEM,1,11,0,3,15
geography/geodata/elevation/usa/Copernicus_DSM_COG_30_N49_00_W099_00_DEM,1,11,0,3,15
geography/geodata/elevation/usa/Copernicus_DSM_COG_30_N49_00_W100_00_DEM,1,11,0,3,15
geography/geodata/elevation/usa/Copernicus_DSM_COG_30_N49_00_W101_00_DEM,1,11,0,3,15
geography/geodata/elevation/usa/Copernicus_DSM_COG_30_N49_00_W102_00_DEM,1,11,0,3,15
geography/geodata/elevation/usa/Copernicus_DSM_COG_30_N49_00_W103_00_DEM,1,11,0,3,15
geography/geodata/elevation/usa/Copernicus_DSM_COG_30_N49_00_W104_00_DEM,1,11,0,3,15
geography/geodata/elevation/usa/Copernicus_DSM_COG_30_N49_00_W105_00_DEM,1,11,0,3,15
geography/geodata/elevation/usa/Copernicus_DSM_COG_30_N49_00_W106_00_DEM,1,11,0,3,15
geography/geodata/elevation/usa/Copernicus_DSM_COG_30_N49_00_W107_00_DEM,1,11,0,3,15
geography/geodata/elevation/usa/Copernicus_DSM_COG_30_N49_00_W108_00_DEM,1,11,0,3,15
geography/geodata/elevation/usa/Copernicus_DSM_COG_30_N49_00_W109_00_DEM,1,11,0,3,15
geography/geodata/elevation/usa/Copernicus_DSM_COG_30_N49_00_W110_00_DEM,1,11,0,3,15
geography/geodata/elevation/usa/Copernicus_DSM_COG_30_N49_00_W111_00_DEM,1,11,0,3,15
geography/geodata/elevation/usa/Copernicus_DSM_COG_30_N49_00_W112_00_DEM,1,11,0,3,15
geography/geodata/elevation/usa/Copernicus_DSM_COG_30_N49_00_W113_00_DEM,1,11,0,3,15
geography/geodata/elevation/usa/Copernicus_DSM_COG_30_N49_00_W114_00_DEM,1,11,0,3,15
geography/geodata/elevation/usa/Copernicus_DSM_COG_30_N49_00_W115_00_DEM,1,11,0,3,15
geography/geodata/elevation/usa/Copernicus_DSM_COG_30_N49_00_W116_00_DEM,1,11,0,3,15
geography/geodata/elevation/usa/Copernicus_DSM_COG_30_N49_00_W117_00_DEM,1,11,0,3,15
geography/geodata/elevation/usa/Copernicus_DSM_COG_30_N49_00_W118_00_DEM,1,11,0,3,15
geography/geodata/elevation/usa/Copernicus_DSM_COG_30_N49_00_W119_00_DEM,1,11,0,3,15
geography/geodata/elevation/usa/Copernicus_DSM_COG_30_N49_00_W120_00_DEM,1,11,0,3,15
geography/geodata/elevation/usa/Copernicus_DSM_COG_30_N49_00_W121_00_DEM,1,11,0,3,15
geography/geodata/elevation/usa/Copernicus_DSM_COG_30_N49_00_W122_00_DEM,1,11,0,3,15
geography/geodata/elevation/usa/Copernicus_DSM_COG_30_N49_00_W123_00_DEM,1,11,0,3,15
geography/geodata/elevation/usa/Copernicus_DSM_COG_30_N49_00_W124_00_DEM,1,11,0,3,15
geography/geodata/elevation/usa/Copernicus_DSM_COG_30_N49_00_W125_00_DEM,1,11,0,3,15
geography/geodata/elevation/usa/Copernicus_DSM_COG_30_N49_00_W126_00_DEM,1,11,0,3,15
geography/geodata/elevation/usa/Copernicus_DSM_COG_30_N49_00_W127_00_DEM,1,11,0,3,15
geography/geodata/elevation/usa/Copernicus_DSM_COG_30_N49_00_W128_00_DEM,1,11,0,3,15
geography/geodata/elevation/usa/Copernicus_DSM_COG_30_N50_00_W060_00_DEM,1,11,0,3,15
geography/geodata/elevation/usa/Copernicus_DSM_COG_30_N50_00_W061_00_DEM,1,11,0,3,15
geography/geodata/elevation/usa/Copernicus_DSM_COG_30_N50_00_W062_00_DEM,1,11,0,3,15
geography/geodata/elevation/usa/Copernicus_DSM_COG_30_N50_00_W063_00_DEM,1,11,0,3,15
geography/geodata/elevation/usa/Copernicus_DSM_COG_30_N50_00_W064_00_DEM,1,11,0,3,15
geography/geodata/elevation/usa/Copernicus_DSM_COG_30_N50_00_W065_00_DEM,1,11,0,3,15
geography/geodata/elevation/usa/Copernicus_DSM_COG_30_N50_00_W066_00_DEM,1,11,0,3,15
geography/geodata/elevation/usa/Copernicus_DSM_COG_30_N50_00_W067_00_DEM,1,11,0,3,15
geography/geodata/elevation/usa/Copernicus_DSM_COG_30_N50_00_W068_00_DEM,1,11,0,3,15
geography/geodata/elevation/usa/Copernicus_DSM_COG_30_N50_00_W069_00_DEM,1,11,0,3,15
geography/geodata/elevation/usa/Copernicus_DSM_COG_30_N50_00_W070_00_DEM,1,11,0,3,15
geography/geodata/elevation/usa/Copernicus_DSM_COG_30_N50_00_W071_00_DEM,1,11,0,3,15
geography/geodata/elevation/usa/Copernicus_DSM_COG_30_N50_00_W072_00_DEM,1,11,0,3,15
geography/geodata/elevation/usa/Copernicus_DSM_COG_30_N50_00_W073_00_DEM,1,11,0,3,15
geography/geodata/elevation/usa/Copernicus_DSM_COG_30_N50_00_W074_00_DEM,1,11,0,3,15
geography/geodata/elevation/usa/Copernicus_DSM_COG_30_N50_00_W075_00_DEM,1,11,0,3,15
geography/geodata/elevation/usa/Copernicus_DSM_COG_30_N50_00_W076_00_DEM,1,11,0,3,15
geography/geodata/elevation/usa/Copernicus_DSM_COG_30_N50_00_W077_00_DEM,1,11,0,3,15
geography/geodata/elevation/usa/Copernicus_DSM_COG_30_N50_00_W078_00_DEM,1,11,0,3,15
geography/geodata/elevation/usa/Copernicus_DSM_COG_30_N50_00_W079_00_DEM,1,11,0,3,15
geography/geodata/elevation/usa/Copernicus_DSM_COG_30_N50_00_W080_00_DEM,1,11,0,3,15
geography/geodata/elevation/usa/Copernicus_DSM_COG_30_N50_00_W081_00_DEM,1,11,0,3,15
geography/geodata/elevation/usa/Copernicus_DSM_COG_30_N50_00_W082_00_DEM,1,11,0,3,15
geography/geodata/elevation/usa/Copernicus_DSM_COG_30_N50_00_W083_00_DEM,1,11,0,3,15
geography/geodata/elevation/usa/Copernicus_DSM_COG_30_N50_00_W084_00_DEM,1,11,0,3,15
geography/geodata/elevation/usa/Copernicus_DSM_COG_30_N50_00_W085_00_DEM,1,11,0,3,15
geography/geodata/elevation/usa/Copernicus_DSM_COG_30_N50_00_W086_00_DEM,1,11,0,3,15
geography/geodata/elevation/usa/Copernicus_DSM_COG_30_N50_00_W087_00_DEM,1,11,0,3,15
geography/geodata/elevation/usa/Copernicus_DSM_COG_30_N50_00_W088_00_DEM,1,11,0,3,15
geography/geodata/elevation/usa/Copernicus_DSM_COG_30_N50_00_W089_00_DEM,1,11,0,3,15
geography/geodata/elevation/usa/Copernicus_DSM_COG_30_N50_00_W090_00_DEM,1,11,0,3,15
geography/geodata/elevation/usa/Copernicus_DSM_COG_30_N50_00_W091_00_DEM,1,11,0,3,15
geography/geodata/elevation/usa/Copernicus_DSM_COG_30_N50_00_W092_00_DEM,1,11,0,3,15
geography/geodata/elevation/usa/Copernicus_DSM_COG_30_N50_00_W093_00_DEM,1,11,0,3,15
geography/geodata/elevation/usa/Copernicus_DSM_COG_30_N50_00_W094_00_DEM,1,11,0,3,15
geography/geodata/elevation/usa/Copernicus_DSM_COG_30_N50_00_W095_00_DEM,1,11,0,3,15
geography/geodata/elevation/usa/Copernicus_DSM_COG_30_N50_00_W096_00_DEM,1,11,0,3,15
geography/geodata/elevation/usa/Copernicus_DSM_COG_30_N50_00_W097_00_DEM,1,11,0,3,15
geography/geodata/elevation/usa/Copernicus_DSM_COG_30_N50_00_W098_00_DEM,1,11,0,3,15
geography/geodata/elevation/usa/Copernicus_DSM_COG_30_N50_00_W099_00_DEM,1,11,0,3,15
geography/geodata/elevation/usa/Copernicus_DSM_COG_30_N50_00_W100_00_DEM,1,11,0,3,15
geography/geodata/elevation/usa/Copernicus_DSM_COG_30_N50_00_W101_00_DEM,1,11,0,3,15
geography/geodata/elevation/usa/Copernicus_DSM_COG_30_N50_00_W102_00_DEM,1,11,0,3,15
geography/geodata/elevation/usa/Copernicus_DSM_COG_30_N50_00_W103_00_DEM,1,11,0,3,15
geography/geodata/elevation/usa/Copernicus_DSM_COG_30_N50_00_W104_00_DEM,1,11,0,3,15
geography/geodata/elevation/usa/Copernicus_DSM_COG_30_N50_00_W105_00_DEM,1,11,0,3,15
geography/geodata/elevation/usa/Copernicus_DSM_COG_30_N50_00_W106_00_DEM,1,11,0,3,15
geography/geodata/elevation/usa/Copernicus_DSM_COG_30_N50_00_W107_00_DEM,1,11,0,3,15
geography/geodata/elevation/usa/Copernicus_DSM_COG_30_N50_00_W108_00_DEM,1,11,0,3,15
geography/geodata/elevation/usa/Copernicus_DSM_COG_30_N50_00_W109_00_DEM,1,11,0,3,15
geography/geodata/elevation/usa/Copernicus_DSM_COG_30_N50_00_W110_00_DEM,1,11,0,3,15
geography/geodata/elevation/usa/Copernicus_DSM_COG_30_N50_00_W111_00_DEM,1,11,0,3,15
geography/geodata/elevation/usa/Copernicus_DSM_COG_30_N50_00_W112_00_DEM,1,11,0,3,15
geography/geodata/elevation/usa/Copernicus_DSM_COG_30_N50_00_W113_00_DEM,1,11,0,3,15
geography/geodata/elevation/usa/Copernicus_DSM_COG_30_N50_00_W114_00_DEM,1,11,0,3,15
geography/geodata/elevation/usa/Copernicus_DSM_COG_30_N50_00_W115_00_DEM,1,11,0,3,15
geography/geodata/elevation/usa/Copernicus_DSM_COG_30_N50_00_W116_00_DEM,1,11,0,3,15
geography/geodata/elevation/usa/Copernicus_DSM_COG_30_N50_00_W117_00_DEM,1,11,0,3,15
geography/geodata/elevation/usa/Copernicus_DSM_COG_30_N50_00_W118_00_DEM,1,11,0,3,15
geography/geodata/elevation/usa/Copernicus_DSM_COG_30_N50_00_W119_00_DEM,1,11,0,3,15
geography/geodata/elevation/usa/Copernicus_DSM_COG_30_N50_00_W120_00_DEM,1,11,0,3,15
geography/geodata/elevation/usa/Copernicus_DSM_COG_30_N50_00_W121_00_DEM,1,11,0,3,15
geography/geodata/elevation/usa/Copernicus_DSM_COG_30_N50_00_W122_00_DEM,1,11,0,3,15
geography/geodata/elevation/usa/Copernicus_DSM_COG_30_N50_00_W123_00_DEM,1,11,0,3,15
geography/geodata/elevation/usa/Copernicus_DSM_COG_30_N50_00_W124_00_DEM,1,11,0,3,15
geography/geodata/elevation/usa/Copernicus_DSM_COG_30_N50_00_W125_00_DEM,1,11,0,3,15
geography/geodata/elevation/usa/Copernicus_DSM_COG_30_N50_00_W126_00_DEM,1,11,0,3,15
geography/geodata/elevation/usa/Copernicus_DSM_COG_30_N50_00_W127_00_DEM,1,11,0,3,15
geography/geodata/elevation/usa/Copernicus_DSM_COG_30_N50_00_W128_00_DEM,1,11,0,3,15
geography/geodata/elevation/usa/Copernicus_DSM_COG_30_N50_00_W129_00_DEM,1,11,0,3,15
geography/geodata/elevation/usa/Copernicus_DSM_COG_30_N50_00_W130_00_DEM,1,11,0,3,15
geography/geodata/elevation/usa/Copernicus_DSM_COG_30_N51_00_W060_00_DEM,1,11,0,3,15
geography/geodata/elevation/usa/Copernicus_DSM_COG_30_N51_00_W061_00_DEM,1,11,0,3,15
geography/geodata/elevation/usa/Copernicus_DSM_COG_30_N51_00_W062_00_DEM,1,11,0,3,15
geography/geodata/elevation/usa/Copernicus_DSM_COG_30_N51_00_W063_00_DEM,1,11,0,3,15
geography/geodata/elevation/usa/Copernicus_DSM_COG_30_N51_00_W064_00_DEM,1,11,0,3,15
geography/geodata/elevation/usa/Copernicus_DSM_COG_30_N51_00_W065_00_DEM,1,11,0,3,15
geography/geodata/elevation/usa/Copernicus_DSM_COG_30_N51_00_W066_00_DEM,1,11,0,3,15
geography/geodata/elevation/usa/Copernicus_DSM_COG_30_N51_00_W067_00_DEM,1,11,0,3,15
geography/geodata/elevation/usa/Copernicus_DSM_COG_30_N51_00_W068_00_DEM,1,11,0,3,15
geography/geodata/elevation/usa/Copernicus_DSM_COG_30_N51_00_W069_00_DEM,1,11,0,3,15
geography/geodata/elevation/usa/Copernicus_DSM_COG_30_N51_00_W070_00_DEM,1,11,0,3,15
geography/geodata/elevation/usa/Copernicus_DSM_COG_30_N51_00_W071_00_DEM,1,11,0,3,15
geography/geodata/elevation/usa/Copernicus_DSM_COG_30_N51_00_W072_00_DEM,1,11,0,3,15
geography/geodata/elevation/usa/Copernicus_DSM_COG_30_N51_00_W073_00_DEM,1,11,0,3,15
geography/geodata/elevation/usa/Copernicus_DSM_COG_30_N51_00_W074_00_DEM,1,11,0,3,15
geography/geodata/elevation/usa/Copernicus_DSM_COG_30_N51_00_W075_00_DEM,1,11,0,3,15
geography/geodata/elevation/usa/Copernicus_DSM_COG_30_N51_00_W076_00_DEM,1,11,0,3,15
geography/geodata/elevation/usa/Copernicus_DSM_COG_30_N51_00_W077_00_DEM,1,11,0,3,15
geography/geodata/elevation/usa/Copernicus_DSM_COG_30_N51_00_W078_00_DEM,1,11,0,3,15
geography/geodata/elevation/usa/Copernicus_DSM_COG_30_N51_00_W079_00_DEM,1,11,0,3,15
geography/geodata/elevation/usa/Copernicus_DSM_COG_30_N51_00_W080_00_DEM,1,11,0,3,15
geography/geodata/elevation/usa/Copernicus_DSM_COG_30_N51_00_W081_00_DEM,1,11,0,3,15
geography/geodata/elevation/usa/Copernicus_DSM_COG_30_N51_00_W082_00_DEM,1,11,0,3,15
geography/geodata/elevation/usa/Copernicus_DSM_COG_30_N51_00_W083_00_DEM,1,11,0,3,15
geography/geodata/elevation/usa/Copernicus_DSM_COG_30_N51_00_W084_00_DEM,1,11,0,3,15
geography/geodata/elevation/usa/Copernicus_DSM_COG_30_N51_00_W085_00_DEM,1,11,0,3,15
geography/geodata/elevation/usa/Copernicus_DSM_COG_30_N51_00_W086_00_DEM,1,11,0,3,15
geography/geodata/elevation/usa/Copernicus_DSM_COG_30_N51_00_W087_00_DEM,1,11,0,3,15
geography/geodata/elevation/usa/Copernicus_DSM_COG_30_N51_00_W088_00_DEM,1,11,0,3,15
geography/geodata/elevation/usa/Copernicus_DSM_COG_30_N51_00_W089_00_DEM,1,11,0,3,15
geography/geodata/elevation/usa/Copernicus_DSM_COG_30_N51_00_W090_00_DEM,1,11,0,3,15
geography/geodata/elevation/usa/Copernicus_DSM_COG_30_N51_00_W091_00_DEM,1,11,0,3,15
geography/geodata/elevation/usa/Copernicus_DSM_COG_30_N51_00_W092_00_DEM,1,11,0,3,15
geography/geodata/elevation/usa/Copernicus_DSM_COG_30_N51_00_W093_00_DEM,1,11,0,3,15
geography/geodata/elevation/usa/Copernicus_DSM_COG_30_N51_00_W094_00_DEM,1,11,0,3,15
geography/geodata/elevation/usa/Copernicus_DSM_COG_30_N51_00_W095_00_DEM,1,11,0,3,15
geography/geodata/elevation/usa/Copernicus_DSM_COG_30_N51_00_W096_00_DEM,1,11,0,3,15
geography/geodata/elevation/usa/Copernicus_DSM_COG_30_N51_00_W097_00_DEM,1,11,0,3,15
geography/geodata/elevation/usa/Copernicus_DSM_COG_30_N51_00_W098_00_DEM,1,11,0,3,15
geography/geodata/elevation/usa/Copernicus_DSM_COG_30_N51_00_W099_00_DEM,1,11,0,3,15
geography/geodata/elevation/usa/Copernicus_DSM_COG_30_N51_00_W100_00_DEM,1,11,0,3,15
geography/geodata/elevation/usa/Copernicus_DSM_COG_30_N51_00_W101_00_DEM,1,11,0,3,15
geography/geodata/elevation/usa/Copernicus_DSM_COG_30_N51_00_W102_00_DEM,1,11,0,3,15
geography/geodata/elevation/usa/Copernicus_DSM_COG_30_N51_00_W103_00_DEM,1,11,0,3,15
geography/geodata/elevation/usa/Copernicus_DSM_COG_30_N51_00_W104_00_DEM,1,11,0,3,15
geography/geodata/elevation/usa/Copernicus_DSM_COG_30_N51_00_W105_00_DEM,1,11,0,3,15
geography/geodata/elevation/usa/Copernicus_DSM_COG_30_N51_00_W106_00_DEM,1,11,0,3,15
geography/geodata/elevation/usa/Copernicus_DSM_COG_30_N51_00_W107_00_DEM,1,11,0,3,15
geography/geodata/elevation/usa/Copernicus_DSM_COG_30_N51_00_W108_00_DEM,1,11,0,3,15
geography/geodata/elevation/usa/Copernicus_DSM_COG_30_N51_00_W109_00_DEM,1,11,0,3,15
geography/geodata/elevation/usa/Copernicus_DSM_COG_30_N51_00_W110_00_DEM,1,11,0,3,15
geography/geodata/elevation/usa/Copernicus_DSM_COG_30_N51_00_W111_00_DEM,1,11,0,3,15
geography/geodata/elevation/usa/Copernicus_DSM_COG_30_N51_00_W112_00_DEM,1,11,0,3,15
geography/geodata/elevation/usa/Copernicus_DSM_COG_30_N51_00_W113_00_DEM,1,11,0,3,15
geography/geodata/elevation/usa/Copernicus_DSM_COG_30_N51_00_W114_00_DEM,1,11,0,3,15
geography/geodata/elevation/usa/Copernicus_DSM_COG_30_N51_00_W115_00_DEM,1,11,0,3,15
geography/geodata/elevation/usa/Copernicus_DSM_COG_30_N51_00_W116_00_DEM,1,11,0,3,15
geography/geodata/elevation/usa/Copernicus_DSM_COG_30_N51_00_W117_00_DEM,1,11,0,3,15
geography/geodata/elevation/usa/Copernicus_DSM_COG_30_N51_00_W118_00_DEM,1,11,0,3,15
geography/geodata/elevation/usa/Copernicus_DSM_COG_30_N51_00_W119_00_DEM,1,11,0,3,15
geography/geodata/elevation/usa/Copernicus_DSM_COG_30_N51_00_W120_00_DEM,1,11,0,3,15
geography/geodata/elevation/usa/Copernicus_DSM_COG_30_N51_00_W121_00_DEM,1,11,0,3,15
geography/geodata/elevation/usa/Copernicus_DSM_COG_30_N51_00_W122_00_DEM,1,11,0,3,15
geography/geodata/elevation/usa/Copernicus_DSM_COG_30_N51_00_W123_00_DEM,1,11,0,3,15
geography/geodata/elevation/usa/Copernicus_DSM_COG_30_N51_00_W124_00_DEM,1,11,0,3,15
geography/geodata/elevation/usa/Copernicus_DSM_COG_30_N51_00_W125_00_DEM,1,11,0,3,15
geography/geodata/elevation/usa/Copernicus_DSM_COG_30_N51_00_W126_00_DEM,1,11,0,3,15
geography/geodata/elevation/usa/Copernicus_DSM_COG_30_N51_00_W127_00_DEM,1,11,0,3,15
geography/geodata/elevation/usa/Copernicus_DSM_COG_30_N51_00_W128_00_DEM,1,11,0,3,15
geography/geodata/elevation/usa/Copernicus_DSM_COG_30_N51_00_W129_00_DEM,1,11,0,3,15
geography/geodata/elevation/usa/Copernicus_DSM_COG_30_N51_00_W131_00_DEM,1,11,0,3,15
geography/geodata/elevation/usa/Copernicus_DSM_COG_30_N51_00_W132_00_DEM,1,11,0,3,15
geography/geodata/elevation/usa/Copernicus_DSM_COG_30_N51_00_W176_00_DEM,1,11,0,3,15
geography/geodata/elevation/usa/Copernicus_DSM_COG_30_N51_00_W177_00_DEM,1,11,0,3,15
geography/geodata/elevation/usa/Copernicus_DSM_COG_30_N51_00_W178_00_DEM,1,11,0,3,15
geography/geodata/elevation/usa/Copernicus_DSM_COG_30_N51_00_W179_00_DEM,1,11,0,3,15
geography/geodata/elevation/usa/Copernicus_DSM_COG_30_N52_00_W060_00_DEM,1,11,0,3,15
geography/geodata/elevation/usa/Copernicus_DSM_COG_30_N52_00_W061_00_DEM,1,11,0,3,15
geography/geodata/elevation/usa/Copernicus_DSM_COG_30_N52_00_W062_00_DEM,1,11,0,3,15
geography/geodata/elevation/usa/Copernicus_DSM_COG_30_N52_00_W063_00_DEM,1,11,0,3,15
geography/geodata/elevation/usa/Copernicus_DSM_COG_30_N52_00_W064_00_DEM,1,11,0,3,15
geography/geodata/elevation/usa/Copernicus_DSM_COG_30_N52_00_W065_00_DEM,1,11,0,3,15
geography/geodata/elevation/usa/Copernicus_DSM_COG_30_N52_00_W066_00_DEM,1,11,0,3,15
geography/geodata/elevation/usa/Copernicus_DSM_COG_30_N52_00_W067_00_DEM,1,11,0,3,15
geography/geodata/elevation/usa/Copernicus_DSM_COG_30_N52_00_W068_00_DEM,1,11,0,3,15
geography/geodata/elevation/usa/Copernicus_DSM_COG_30_N52_00_W069_00_DEM,1,11,0,3,15
geography/geodata/elevation/usa/Copernicus_DSM_COG_30_N52_00_W070_00_DEM,1,11,0,3,15
geography/geodata/elevation/usa/Copernicus_DSM_COG_30_N52_00_W071_00_DEM,1,11,0,3,15
geography/geodata/elevation/usa/Copernicus_DSM_COG_30_N52_00_W072_00_DEM,1,11,0,3,15
geography/geodata/elevation/usa/Copernicus_DSM_COG_30_N52_00_W073_00_DEM,1,11,0,3,15
geography/geodata/elevation/usa/Copernicus_DSM_COG_30_N52_00_W074_00_DEM,1,11,0,3,15
geography/geodata/elevation/usa/Copernicus_DSM_COG_30_N52_00_W075_00_DEM,1,11,0,3,15
geography/geodata/elevation/usa/Copernicus_DSM_COG_30_N52_00_W076_00_DEM,1,11,0,3,15
geography/geodata/elevation/usa/Copernicus_DSM_COG_30_N52_00_W077_00_DEM,1,11,0,3,15
geography/geodata/elevation/usa/Copernicus_DSM_COG_30_N52_00_W078_00_DEM,1,11,0,3,15
geography/geodata/elevation/usa/Copernicus_DSM_COG_30_N52_00_W079_00_DEM,1,11,0,3,15
geography/geodata/elevation/usa/Copernicus_DSM_COG_30_N52_00_W080_00_DEM,1,11,0,3,15
geography/geodata/elevation/usa/Copernicus_DSM_COG_30_N52_00_W081_00_DEM,1,11,0,3,15
geography/geodata/elevation/usa/Copernicus_DSM_COG_30_N52_00_W082_00_DEM,1,11,0,3,15
geography/geodata/elevation/usa/Copernicus_DSM_COG_30_N52_00_W083_00_DEM,1,11,0,3,15
geography/geodata/elevation/usa/Copernicus_DSM_COG_30_N52_00_W084_00_DEM,1,11,0,3,15
geography/geodata/elevation/usa/Copernicus_DSM_COG_30_N52_00_W085_00_DEM,1,11,0,3,15
geography/geodata/elevation/usa/Copernicus_DSM_COG_30_N52_00_W086_00_DEM,1,11,0,3,15
geography/geodata/elevation/usa/Copernicus_DSM_COG_30_N52_00_W087_00_DEM,1,11,0,3,15
geography/geodata/elevation/usa/Copernicus_DSM_COG_30_N52_00_W088_00_DEM,1,11,0,3,15
geography/geodata/elevation/usa/Copernicus_DSM_COG_30_N52_00_W089_00_DEM,1,11,0,3,15
geography/geodata/elevation/usa/Copernicus_DSM_COG_30_N52_00_W090_00_DEM,1,11,0,3,15
geography/geodata/elevation/usa/Copernicus_DSM_COG_30_N52_00_W091_00_DEM,1,11,0,3,15
geography/geodata/elevation/usa/Copernicus_DSM_COG_30_N52_00_W092_00_DEM,1,11,0,3,15
geography/geodata/elevation/usa/Copernicus_DSM_COG_30_N52_00_W093_00_DEM,1,11,0,3,15
geography/geodata/elevation/usa/Copernicus_DSM_COG_30_N52_00_W094_00_DEM,1,11,0,3,15
geography/geodata/elevation/usa/Copernicus_DSM_COG_30_N52_00_W095_00_DEM,1,11,0,3,15
geography/geodata/elevation/usa/Copernicus_DSM_COG_30_N52_00_W096_00_DEM,1,11,0,3,15
geography/geodata/elevation/usa/Copernicus_DSM_COG_30_N52_00_W097_00_DEM,1,11,0,3,15
geography/geodata/elevation/usa/Copernicus_DSM_COG_30_N52_00_W098_00_DEM,1,11,0,3,15
geography/geodata/elevation/usa/Copernicus_DSM_COG_30_N52_00_W099_00_DEM,1,11,0,3,15
geography/geodata/elevation/usa/Copernicus_DSM_COG_30_N52_00_W100_00_DEM,1,11,0,3,15
geography/geodata/elevation/usa/Copernicus_DSM_COG_30_N52_00_W101_00_DEM,1,11,0,3,15
geography/geodata/elevation/usa/Copernicus_DSM_COG_30_N52_00_W102_00_DEM,1,11,0,3,15
geography/geodata/elevation/usa/Copernicus_DSM_COG_30_N52_00_W103_00_DEM,1,11,0,3,15
geography/geodata/elevation/usa/Copernicus_DSM_COG_30_N52_00_W104_00_DEM,1,11,0,3,15
geography/geodata/elevation/usa/Copernicus_DSM_COG_30_N52_00_W105_00_DEM,1,11,0,3,15
geography/geodata/elevation/usa/Copernicus_DSM_COG_30_N52_00_W106_00_DEM,1,11,0,3,15
geography/geodata/elevation/usa/Copernicus_DSM_COG_30_N52_00_W107_00_DEM,1,11,0,3,15
geography/geodata/elevation/usa/Copernicus_DSM_COG_30_N52_00_W108_00_DEM,1,11,0,3,15
geography/geodata/elevation/usa/Copernicus_DSM_COG_30_N52_00_W109_00_DEM,1,11,0,3,15
geography/geodata/elevation/usa/Copernicus_DSM_COG_30_N52_00_W110_00_DEM,1,11,0,3,15
geography/geodata/elevation/usa/Copernicus_DSM_COG_30_N52_00_W111_00_DEM,1,11,0,3,15
geography/geodata/elevation/usa/Copernicus_DSM_COG_30_N52_00_W112_00_DEM,1,11,0,3,15
geography/geodata/elevation/usa/Copernicus_DSM_COG_30_N52_00_W113_00_DEM,1,11,0,3,15
geography/geodata/elevation/usa/Copernicus_DSM_COG_30_N52_00_W114_00_DEM,1,11,0,3,15
geography/geodata/elevation/usa/Copernicus_DSM_COG_30_N52_00_W115_00_DEM,1,11,0,3,15
geography/geodata/elevation/usa/Copernicus_DSM_COG_30_N52_00_W116_00_DEM,1,11,0,3,15
geography/geodata/elevation/usa/Copernicus_DSM_COG_30_N52_00_W117_00_DEM,1,11,0,3,15
geography/geodata/elevation/usa/Copernicus_DSM_COG_30_N52_00_W118_00_DEM,1,11,0,3,15
geography/geodata/elevation/usa/Copernicus_DSM_COG_30_N52_00_W119_00_DEM,1,11,0,3,15
geography/geodata/elevation/usa/Copernicus_DSM_COG_30_N52_00_W120_00_DEM,1,11,0,3,15
geography/geodata/elevation/usa/Copernicus_DSM_COG_30_N52_00_W121_00_DEM,1,11,0,3,15
geography/geodata/elevation/usa/Copernicus_DSM_COG_30_N52_00_W122_00_DEM,1,11,0,3,15
geography/geodata/elevation/usa/Copernicus_DSM_COG_30_N52_00_W123_00_DEM,1,11,0,3,15
geography/geodata/elevation/usa/Copernicus_DSM_COG_30_N52_00_W124_00_DEM,1,11,0,3,15
geography/geodata/elevation/usa/Copernicus_DSM_COG_30_N52_00_W125_00_DEM,1,11,0,3,15
geography/geodata/elevation/usa/Copernicus_DSM_COG_30_N52_00_W126_00_DEM,1,11,0,3,15
geography/geodata/elevation/usa/Copernicus_DSM_COG_30_N52_00_W127_00_DEM,1,11,0,3,15
geography/geodata/elevation/usa/Copernicus_DSM_COG_30_N52_00_W128_00_DEM,1,11,0,3,15
geography/geodata/elevation/usa/Copernicus_DSM_COG_30_N52_00_W129_00_DEM,1,11,0,3,15
geography/geodata/elevation/usa/Copernicus_DSM_COG_30_N52_00_W130_00_DEM,1,11,0,3,15
geography/geodata/elevation/usa/Copernicus_DSM_COG_30_N52_00_W131_00_DEM,1,11,0,3,15
geography/geodata/elevation/usa/Copernicus_DSM_COG_30_N52_00_W132_00_DEM,1,11,0,3,15
geography/geodata/elevation/usa/Copernicus_DSM_COG_30_N52_00_W133_00_DEM,1,11,0,3,15
geography/geodata/elevation/usa/Copernicus_DSM_COG_30_N52_00_W169_00_DEM,1,11,0,3,15
geography/geodata/elevation/usa/Copernicus_DSM_COG_30_N52_00_W170_00_DEM,1,11,0,3,15
geography/geodata/elevation/usa/Copernicus_DSM_COG_30_N52_00_W171_00_DEM,1,11,0,3,15
geography/geodata/elevation/usa/Copernicus_DSM_COG_30_N52_00_W172_00_DEM,1,11,0,3,15
geography/geodata/elevation/usa/Copernicus_DSM_COG_30_N52_00_W173_00_DEM,1,11,0,3,15
geography/geodata/elevation/usa/Copernicus_DSM_COG_30_N52_00_W174_00_DEM,1,11,0,3,15
geography/geodata/elevation/usa/Copernicus_DSM_COG_30_N52_00_W175_00_DEM,1,11,0,3,15
geography/geodata/elevation/usa/Copernicus_DSM_COG_30_N52_00_W176_00_DEM,1,11,0,3,15
geography/geodata/elevation/usa/Copernicus_DSM_COG_30_N52_00_W177_00_DEM,1,11,0,3,15
geography/geodata/elevation/usa/Copernicus_DSM_COG_30_N53_00_W060_00_DEM,1,11,0,3,15
geography/geodata/elevation/usa/Copernicus_DSM_COG_30_N53_00_W061_00_DEM,1,11,0,3,15
geography/geodata/elevation/usa/Copernicus_DSM_COG_30_N53_00_W062_00_DEM,1,11,0,3,15
geography/geodata/elevation/usa/Copernicus_DSM_COG_30_N53_00_W063_00_DEM,1,11,0,3,15
geography/geodata/elevation/usa/Copernicus_DSM_COG_30_N53_00_W064_00_DEM,1,11,0,3,15
geography/geodata/elevation/usa/Copernicus_DSM_COG_30_N53_00_W065_00_DEM,1,11,0,3,15
geography/geodata/elevation/usa/Copernicus_DSM_COG_30_N53_00_W066_00_DEM,1,11,0,3,15
geography/geodata/elevation/usa/Copernicus_DSM_COG_30_N53_00_W067_00_DEM,1,11,0,3,15
geography/geodata/elevation/usa/Copernicus_DSM_COG_30_N53_00_W068_00_DEM,1,11,0,3,15
geography/geodata/elevation/usa/Copernicus_DSM_COG_30_N53_00_W069_00_DEM,1,11,0,3,15
geography/geodata/elevation/usa/Copernicus_DSM_COG_30_N53_00_W070_00_DEM,1,11,0,3,15
geography/geodata/elevation/usa/Copernicus_DSM_COG_30_N53_00_W071_00_DEM,1,11,0,3,15
geography/geodata/elevation/usa/Copernicus_DSM_COG_30_N53_00_W072_00_DEM,1,11,0,3,15
geography/geodata/elevation/usa/Copernicus_DSM_COG_30_N53_00_W073_00_DEM,1,11,0,3,15
geography/geodata/elevation/usa/Copernicus_DSM_COG_30_N53_00_W074_00_DEM,1,11,0,3,15
geography/geodata/elevation/usa/Copernicus_DSM_COG_30_N53_00_W075_00_DEM,1,11,0,3,15
geography/geodata/elevation/usa/Copernicus_DSM_COG_30_N53_00_W076_00_DEM,1,11,0,3,15
geography/geodata/elevation/usa/Copernicus_DSM_COG_30_N53_00_W077_00_DEM,1,11,0,3,15
geography/geodata/elevation/usa/Copernicus_DSM_COG_30_N53_00_W078_00_DEM,1,11,0,3,15
geography/geodata/elevation/usa/Copernicus_DSM_COG_30_N53_00_W079_00_DEM,1,11,0,3,15
geography/geodata/elevation/usa/Copernicus_DSM_COG_30_N53_00_W080_00_DEM,1,11,0,3,15
geography/geodata/elevation/usa/Copernicus_DSM_COG_30_N53_00_W081_00_DEM,1,11,0,3,15
geography/geodata/elevation/usa/Copernicus_DSM_COG_30_N53_00_W082_00_DEM,1,11,0,3,15
geography/geodata/elevation/usa/Copernicus_DSM_COG_30_N53_00_W083_00_DEM,1,11,0,3,15
geography/geodata/elevation/usa/Copernicus_DSM_COG_30_N53_00_W084_00_DEM,1,11,0,3,15
geography/geodata/elevation/usa/Copernicus_DSM_COG_30_N53_00_W085_00_DEM,1,11,0,3,15
geography/geodata/elevation/usa/Copernicus_DSM_COG_30_N53_00_W086_00_DEM,1,11,0,3,15
geography/geodata/elevation/usa/Copernicus_DSM_COG_30_N53_00_W087_00_DEM,1,11,0,3,15
geography/geodata/elevation/usa/Copernicus_DSM_COG_30_N53_00_W088_00_DEM,1,11,0,3,15
geography/geodata/elevation/usa/Copernicus_DSM_COG_30_N53_00_W089_00_DEM,1,11,0,3,15
geography/geodata/elevation/usa/Copernicus_DSM_COG_30_N53_00_W090_00_DEM,1,11,0,3,15
geography/geodata/elevation/usa/Copernicus_DSM_COG_30_N53_00_W091_00_DEM,1,11,0,3,15
geography/geodata/elevation/usa/Copernicus_DSM_COG_30_N53_00_W092_00_DEM,1,11,0,3,15
geography/geodata/elevation/usa/Copernicus_DSM_COG_30_N53_00_W093_00_DEM,1,11,0,3,15
geography/geodata/elevation/usa/Copernicus_DSM_COG_30_N53_00_W094_00_DEM,1,11,0,3,15
geography/geodata/elevation/usa/Copernicus_DSM_COG_30_N53_00_W095_00_DEM,1,11,0,3,15
geography/geodata/elevation/usa/Copernicus_DSM_COG_30_N53_00_W096_00_DEM,1,11,0,3,15
geography/geodata/elevation/usa/Copernicus_DSM_COG_30_N53_00_W097_00_DEM,1,11,0,3,15
geography/geodata/elevation/usa/Copernicus_DSM_COG_30_N53_00_W098_00_DEM,1,11,0,3,15
geography/geodata/elevation/usa/Copernicus_DSM_COG_30_N53_00_W099_00_DEM,1,11,0,3,15
geography/geodata/elevation/usa/Copernicus_DSM_COG_30_N53_00_W100_00_DEM,1,11,0,3,15
geography/geodata/elevation/usa/Copernicus_DSM_COG_30_N53_00_W101_00_DEM,1,11,0,3,15
geography/geodata/elevation/usa/Copernicus_DSM_COG_30_N53_00_W102_00_DEM,1,11,0,3,15
geography/geodata/elevation/usa/Copernicus_DSM_COG_30_N53_00_W103_00_DEM,1,11,0,3,15
geography/geodata/elevation/usa/Copernicus_DSM_COG_30_N53_00_W104_00_DEM,1,11,0,3,15
geography/geodata/elevation/usa/Copernicus_DSM_COG_30_N53_00_W105_00_DEM,1,11,0,3,15
geography/geodata/elevation/usa/Copernicus_DSM_COG_30_N53_00_W106_00_DEM,1,11,0,3,15
geography/geodata/elevation/usa/Copernicus_DSM_COG_30_N53_00_W107_00_DEM,1,11,0,3,15
geography/geodata/elevation/usa/Copernicus_DSM_COG_30_N53_00_W108_00_DEM,1,11,0,3,15
geography/geodata/elevation/usa/Copernicus_DSM_COG_30_N53_00_W109_00_DEM,1,11,0,3,15
geography/geodata/elevation/usa/Copernicus_DSM_COG_30_N53_00_W110_00_DEM,1,11,0,3,15
geography/geodata/elevation/usa/Copernicus_DSM_COG_30_N53_00_W111_00_DEM,1,11,0,3,15
geography/geodata/elevation/usa/Copernicus_DSM_COG_30_N53_00_W112_00_DEM,1,11,0,3,15
geography/geodata/elevation/usa/Copernicus_DSM_COG_30_N53_00_W113_00_DEM,1,11,0,3,15
geography/geodata/elevation/usa/Copernicus_DSM_COG_30_N53_00_W114_00_DEM,1,11,0,3,15
geography/geodata/elevation/usa/Copernicus_DSM_COG_30_N53_00_W115_00_DEM,1,11,0,3,15
geography/geodata/elevation/usa/Copernicus_DSM_COG_30_N53_00_W116_00_DEM,1,11,0,3,15
geography/geodata/elevation/usa/Copernicus_DSM_COG_30_N53_00_W117_00_DEM,1,11,0,3,15
geography/geodata/elevation/usa/Copernicus_DSM_COG_30_N53_00_W118_00_DEM,1,11,0,3,15
geography/geodata/elevation/usa/Copernicus_DSM_COG_30_N53_00_W119_00_DEM,1,11,0,3,15
geography/geodata/elevation/usa/Copernicus_DSM_COG_30_N53_00_W120_00_DEM,1,11,0,3,15
geography/geodata/elevation/usa/Copernicus_DSM_COG_30_N53_00_W121_00_DEM,1,11,0,3,15
geography/geodata/elevation/usa/Copernicus_DSM_COG_30_N53_00_W122_00_DEM,1,11,0,3,15
geography/geodata/elevation/usa/Copernicus_DSM_COG_30_N53_00_W123_00_DEM,1,11,0,3,15
geography/geodata/elevation/usa/Copernicus_DSM_COG_30_N53_00_W124_00_DEM,1,11,0,3,15
geography/geodata/elevation/usa/Copernicus_DSM_COG_30_N53_00_W125_00_DEM,1,11,0,3,15
geography/geodata/elevation/usa/Copernicus_DSM_COG_30_N53_00_W127_00_DEM,1,11,0,3,15
geography/geodata/elevation/usa/Copernicus_DSM_COG_30_N53_00_W128_00_DEM,1,11,0,3,15
geography/geodata/elevation/usa/Copernicus_DSM_COG_30_N53_00_W129_00_DEM,1,11,0,3,15
geography/geodata/elevation/usa/Copernicus_DSM_COG_30_N53_00_W130_00_DEM,1,11,0,3,15
geography/geodata/elevation/usa/Copernicus_DSM_COG_30_N53_00_W131_00_DEM,1,11,0,3,15
geography/geodata/elevation/usa/Copernicus_DSM_COG_30_N53_00_W132_00_DEM,1,11,0,3,15
geography/geodata/elevation/usa/Copernicus_DSM_COG_30_N53_00_W133_00_DEM,1,11,0,3,15
geography/geodata/elevation/usa/Copernicus_DSM_COG_30_N53_00_W134_00_DEM,1,11,0,3,15
geography/geodata/elevation/usa/Copernicus_DSM_COG_30_N53_00_W167_00_DEM,1,11,0,3,15
geography/geodata/elevation/usa/Copernicus_DSM_COG_30_N53_00_W168_00_DEM,1,11,0,3,15
geography/geodata/elevation/usa/Copernicus_DSM_COG_30_N53_00_W169_00_DEM,1,11,0,3,15
geography/geodata/elevation/usa/Copernicus_DSM_COG_30_N53_00_W170_00_DEM,1,11,0,3,15
geography/geodata/elevation/usa/Copernicus_DSM_COG_30_N54_00_W060_00_DEM,1,11,0,3,15
geography/geodata/elevation/usa/Copernicus_DSM_COG_30_N54_00_W061_00_DEM,1,11,0,3,15
geography/geodata/elevation/usa/Copernicus_DSM_COG_30_N54_00_W062_00_DEM,1,11,0,3,15
geography/geodata/elevation/usa/Copernicus_DSM_COG_30_N54_00_W063_00_DEM,1,11,0,3,15
geography/geodata/elevation/usa/Copernicus_DSM_COG_30_N54_00_W064_00_DEM,1,11,0,3,15
geography/geodata/elevation/usa/Copernicus_DSM_COG_30_N54_00_W065_00_DEM,1,11,0,3,15
geography/geodata/elevation/usa/Copernicus_DSM_COG_30_N54_00_W066_00_DEM,1,11,0,3,15
geography/geodata/elevation/usa/Copernicus_DSM_COG_30_N54_00_W067_00_DEM,1,11,0,3,15
geography/geodata/elevation/usa/Copernicus_DSM_COG_30_N54_00_W068_00_DEM,1,11,0,3,15
geography/geodata/elevation/usa/Copernicus_DSM_COG_30_N54_00_W069_00_DEM,1,11,0,3,15
geography/geodata/elevation/usa/Copernicus_DSM_COG_30_N54_00_W070_00_DEM,1,11,0,3,15
geography/geodata/elevation/usa/Copernicus_DSM_COG_30_N54_00_W071_00_DEM,1,11,0,3,15
geography/geodata/elevation/usa/Copernicus_DSM_COG_30_N54_00_W072_00_DEM,1,11,0,3,15
geography/geodata/elevation/usa/Copernicus_DSM_COG_30_N54_00_W073_00_DEM,1,11,0,3,15
geography/geodata/elevation/usa/Copernicus_DSM_COG_30_N54_00_W074_00_DEM,1,11,0,3,15
geography/geodata/elevation/usa/Copernicus_DSM_COG_30_N54_00_W075_00_DEM,1,11,0,3,15
geography/geodata/elevation/usa/Copernicus_DSM_COG_30_N54_00_W076_00_DEM,1,11,0,3,15
geography/geodata/elevation/usa/Copernicus_DSM_COG_30_N54_00_W077_00_DEM,1,11,0,3,15
geography/geodata/elevation/usa/Copernicus_DSM_COG_30_N54_00_W078_00_DEM,1,11,0,3,15
geography/geodata/elevation/usa/Copernicus_DSM_COG_30_N54_00_W079_00_DEM,1,11,0,3,15
geography/geodata/elevation/usa/Copernicus_DSM_COG_30_N54_00_W080_00_DEM,1,11,0,3,15
geography/geodata/elevation/usa/Copernicus_DSM_COG_30_N54_00_W081_00_DEM,1,11,0,3,15
geography/geodata/elevation/usa/Copernicus_DSM_COG_30_N54_00_W082_00_DEM,1,11,0,3,15
geography/geodata/elevation/usa/Copernicus_DSM_COG_30_N54_00_W083_00_DEM,1,11,0,3,15
geography/geodata/elevation/usa/Copernicus_DSM_COG_30_N54_00_W084_00_DEM,1,11,0,3,15
geography/geodata/elevation/usa/Copernicus_DSM_COG_30_N54_00_W085_00_DEM,1,11,0,3,15
geography/geodata/elevation/usa/Copernicus_DSM_COG_30_N54_00_W086_00_DEM,1,11,0,3,15
geography/geodata/elevation/usa/Copernicus_DSM_COG_30_N54_00_W087_00_DEM,1,11,0,3,15
geography/geodata/elevation/usa/Copernicus_DSM_COG_30_N54_00_W088_00_DEM,1,11,0,3,15
geography/geodata/elevation/usa/Copernicus_DSM_COG_30_N54_00_W089_00_DEM,1,11,0,3,15
geography/geodata/elevation/usa/Copernicus_DSM_COG_30_N54_00_W090_00_DEM,1,11,0,3,15
geography/geodata/elevation/usa/Copernicus_DSM_COG_30_N54_00_W091_00_DEM,1,11,0,3,15
geography/geodata/elevation/usa/Copernicus_DSM_COG_30_N54_00_W092_00_DEM,1,11,0,3,15
geography/geodata/elevation/usa/Copernicus_DSM_COG_30_N54_00_W093_00_DEM,1,11,0,3,15
geography/geodata/elevation/usa/Copernicus_DSM_COG_30_N54_00_W094_00_DEM,1,11,0,3,15
geography/geodata/elevation/usa/Copernicus_DSM_COG_30_N54_00_W095_00_DEM,1,11,0,3,15
geography/geodata/elevation/usa/Copernicus_DSM_COG_30_N54_00_W096_00_DEM,1,11,0,3,15
geography/geodata/elevation/usa/Copernicus_DSM_COG_30_N54_00_W097_00_DEM,1,11,0,3,15
geography/geodata/elevation/usa/Copernicus_DSM_COG_30_N54_00_W098_00_DEM,1,11,0,3,15
geography/geodata/elevation/usa/Copernicus_DSM_COG_30_N54_00_W099_00_DEM,1,11,0,3,15
geography/geodata/elevation/usa/Copernicus_DSM_COG_30_N54_00_W100_00_DEM,1,11,0,3,15
geography/geodata/elevation/usa/Copernicus_DSM_COG_30_N54_00_W101_00_DEM,1,11,0,3,15
geography/geodata/elevation/usa/Copernicus_DSM_COG_30_N54_00_W102_00_DEM,1,11,0,3,15
geography/geodata/elevation/usa/Copernicus_DSM_COG_30_N54_00_W103_00_DEM,1,11,0,3,15
geography/geodata/elevation/usa/Copernicus_DSM_COG_30_N54_00_W104_00_DEM,1,11,0,3,15
geography/geodata/elevation/usa/Copernicus_DSM_COG_30_N54_00_W105_00_DEM,1,11,0,3,15
geography/geodata/elevation/usa/Copernicus_DSM_COG_30_N54_00_W106_00_DEM,1,11,0,3,15
geography/geodata/elevation/usa/Copernicus_DSM_COG_30_N54_00_W107_00_DEM,1,11,0,3,15
geography/geodata/elevation/usa/Copernicus_DSM_COG_30_N54_00_W108_00_DEM,1,11,0,3,15
geography/geodata/elevation/usa/Copernicus_DSM_COG_30_N54_00_W109_00_DEM,1,11,0,3,15
geography/geodata/elevation/usa/Copernicus_DSM_COG_30_N54_00_W110_00_DEM,1,11,0,3,15
geography/geodata/elevation/usa/Copernicus_DSM_COG_30_N54_00_W111_00_DEM,1,11,0,3,15
geography/geodata/elevation/usa/Copernicus_DSM_COG_30_N54_00_W112_00_DEM,1,11,0,3,15
geography/geodata/elevation/usa/Copernicus_DSM_COG_30_N54_00_W113_00_DEM,1,11,0,3,15
geography/geodata/elevation/usa/Copernicus_DSM_COG_30_N54_00_W114_00_DEM,1,11,0,3,15
geography/geodata/elevation/usa/Copernicus_DSM_COG_30_N54_00_W115_00_DEM,1,11,0,3,15
geography/geodata/elevation/usa/Copernicus_DSM_COG_30_N54_00_W116_00_DEM,1,11,0,3,15
geography/geodata/elevation/usa/Copernicus_DSM_COG_30_N54_00_W117_00_DEM,1,11,0,3,15
geography/geodata/elevation/usa/Copernicus_DSM_COG_30_N54_00_W118_00_DEM,1,11,0,3,15
geography/geodata/elevation/usa/Copernicus_DSM_COG_30_N54_00_W119_00_DEM,1,11,0,3,15
geography/geodata/elevation/usa/Copernicus_DSM_COG_30_N54_00_W120_00_DEM,1,11,0,3,15
geography/geodata/elevation/usa/Copernicus_DSM_COG_30_N54_00_W121_00_DEM,1,11,0,3,15
geography/geodata/elevation/usa/Copernicus_DSM_COG_30_N54_00_W122_00_DEM,1,11,0,3,15
geography/geodata/elevation/usa/Copernicus_DSM_COG_30_N54_00_W123_00_DEM,1,11,0,3,15
geography/geodata/elevation/usa/Copernicus_DSM_COG_30_N54_00_W124_00_DEM,1,11,0,3,15
geography/geodata/elevation/usa/Copernicus_DSM_COG_30_N54_00_W125_00_DEM,1,11,0,3,15
geography/geodata/elevation/usa/Copernicus_DSM_COG_30_N54_00_W126_00_DEM,1,11,0,3,15
geography/geodata/elevation/usa/Copernicus_DSM_COG_30_N54_00_W127_00_DEM,1,11,0,3,15
geography/geodata/elevation/usa/Copernicus_DSM_COG_30_N54_00_W128_00_DEM,1,11,0,3,15
geography/geodata/elevation/usa/Copernicus_DSM_COG_30_N54_00_W129_00_DEM,1,11,0,3,15
geography/geodata/elevation/usa/Copernicus_DSM_COG_30_N54_00_W130_00_DEM,1,11,0,3,15
geography/geodata/elevation/usa/Copernicus_DSM_COG_30_N54_00_W131_00_DEM,1,11,0,3,15
geography/geodata/elevation/usa/Copernicus_DSM_COG_30_N54_00_W132_00_DEM,1,11,0,3,15
geography/geodata/elevation/usa/Copernicus_DSM_COG_30_N54_00_W133_00_DEM,1,11,0,3,15
geography/geodata/elevation/usa/Copernicus_DSM_COG_30_N54_00_W134_00_DEM,1,11,0,3,15
geography/geodata/elevation/usa/Copernicus_DSM_COG_30_N54_00_W160_00_DEM,1,11,0,3,15
geography/geodata/elevation/usa/Copernicus_DSM_COG_30_N54_00_W161_00_DEM,1,11,0,3,15
geography/geodata/elevation/usa/Copernicus_DSM_COG_30_N54_00_W162_00_DEM,1,11,0,3,15
geography/geodata/elevation/usa/Copernicus_DSM_COG_30_N54_00_W163_00_DEM,1,11,0,3,15
geography/geodata/elevation/usa/Copernicus_DSM_COG_30_N54_00_W164_00_DEM,1,11,0,3,15
geography/geodata/elevation/usa/Copernicus_DSM_COG_30_N54_00_W165_00_DEM,1,11,0,3,15
geography/geodata/elevation/usa/Copernicus_DSM_COG_30_N54_00_W166_00_DEM,1,11,0,3,15
geography/geodata/elevation/usa/Copernicus_DSM_COG_30_N54_00_W167_00_DEM,1,11,0,3,15
geography/geodata/elevation/usa/Copernicus_DSM_COG_30_N55_00_W060_00_DEM,1,11,0,3,15
geography/geodata/elevation/usa/Copernicus_DSM_COG_30_N55_00_W061_00_DEM,1,11,0,3,15
geography/geodata/elevation/usa/Copernicus_DSM_COG_30_N55_00_W062_00_DEM,1,11,0,3,15
geography/geodata/elevation/usa/Copernicus_DSM_COG_30_N55_00_W063_00_DEM,1,11,0,3,15
geography/geodata/elevation/usa/Copernicus_DSM_COG_30_N55_00_W064_00_DEM,1,11,0,3,15
geography/geodata/elevation/usa/Copernicus_DSM_COG_30_N55_00_W065_00_DEM,1,11,0,3,15
geography/geodata/elevation/usa/Copernicus_DSM_COG_30_N55_00_W066_00_DEM,1,11,0,3,15
geography/geodata/elevation/usa/Copernicus_DSM_COG_30_N55_00_W067_00_DEM,1,11,0,3,15
geography/geodata/elevation/usa/Copernicus_DSM_COG_30_N55_00_W068_00_DEM,1,11,0,3,15
geography/geodata/elevation/usa/Copernicus_DSM_COG_30_N55_00_W069_00_DEM,1,11,0,3,15
geography/geodata/elevation/usa/Copernicus_DSM_COG_30_N55_00_W070_00_DEM,1,11,0,3,15
geography/geodata/elevation/usa/Copernicus_DSM_COG_30_N55_00_W071_00_DEM,1,11,0,3,15
geography/geodata/elevation/usa/Copernicus_DSM_COG_30_N55_00_W072_00_DEM,1,11,0,3,15
geography/geodata/elevation/usa/Copernicus_DSM_COG_30_N55_00_W073_00_DEM,1,11,0,3,15
geography/geodata/elevation/usa/Copernicus_DSM_COG_30_N55_00_W074_00_DEM,1,11,0,3,15
geography/geodata/elevation/usa/Copernicus_DSM_COG_30_N55_00_W075_00_DEM,1,11,0,3,15
geography/geodata/elevation/usa/Copernicus_DSM_COG_30_N55_00_W076_00_DEM,1,11,0,3,15
geography/geodata/elevation/usa/Copernicus_DSM_COG_30_N55_00_W077_00_DEM,1,11,0,3,15
geography/geodata/elevation/usa/Copernicus_DSM_COG_30_N55_00_W078_00_DEM,1,11,0,3,15
geography/geodata/elevation/usa/Copernicus_DSM_COG_30_N55_00_W079_00_DEM,1,11,0,3,15
geography/geodata/elevation/usa/Copernicus_DSM_COG_30_N55_00_W080_00_DEM,1,11,0,3,15
geography/geodata/elevation/usa/Copernicus_DSM_COG_30_N55_00_W081_00_DEM,1,11,0,3,15
geography/geodata/elevation/usa/Copernicus_DSM_COG_30_N55_00_W083_00_DEM,1,11,0,3,15
geography/geodata/elevation/usa/Copernicus_DSM_COG_30_N55_00_W084_00_DEM,1,11,0,3,15
geography/geodata/elevation/usa/Copernicus_DSM_COG_30_N55_00_W085_00_DEM,1,11,0,3,15
geography/geodata/elevation/usa/Copernicus_DSM_COG_30_N55_00_W086_00_DEM,1,11,0,3,15
geography/geodata/elevation/usa/Copernicus_DSM_COG_30_N55_00_W087_00_DEM,1,11,0,3,15
geography/geodata/elevation/usa/Copernicus_DSM_COG_30_N55_00_W088_00_DEM,1,11,0,3,15
geography/geodata/elevation/usa/Copernicus_DSM_COG_30_N55_00_W089_00_DEM,1,11,0,3,15
geography/geodata/elevation/usa/Copernicus_DSM_COG_30_N55_00_W090_00_DEM,1,11,0,3,15
geography/geodata/elevation/usa/Copernicus_DSM_COG_30_N55_00_W091_00_DEM,1,11,0,3,15
geography/geodata/elevation/usa/Copernicus_DSM_COG_30_N55_00_W092_00_DEM,1,11,0,3,15
geography/geodata/elevation/usa/Copernicus_DSM_COG_30_N55_00_W093_00_DEM,1,11,0,3,15
geography/geodata/elevation/usa/Copernicus_DSM_COG_30_N55_00_W094_00_DEM,1,11,0,3,15
geography/geodata/elevation/usa/Copernicus_DSM_COG_30_N55_00_W095_00_DEM,1,11,0,3,15
geography/geodata/elevation/usa/Copernicus_DSM_COG_30_N55_00_W096_00_DEM,1,11,0,3,15
geography/geodata/elevation/usa/Copernicus_DSM_COG_30_N55_00_W097_00_DEM,1,11,0,3,15
geography/geodata/elevation/usa/Copernicus_DSM_COG_30_N55_00_W098_00_DEM,1,11,0,3,15
geography/geodata/elevation/usa/Copernicus_DSM_COG_30_N55_00_W099_00_DEM,1,11,0,3,15
geography/geodata/elevation/usa/Copernicus_DSM_COG_30_N55_00_W100_00_DEM,1,11,0,3,15
geography/geodata/elevation/usa/Copernicus_DSM_COG_30_N55_00_W101_00_DEM,1,11,0,3,15
geography/geodata/elevation/usa/Copernicus_DSM_COG_30_N55_00_W102_00_DEM,1,11,0,3,15
geography/geodata/elevation/usa/Copernicus_DSM_COG_30_N55_00_W103_00_DEM,1,11,0,3,15
geography/geodata/elevation/usa/Copernicus_DSM_COG_30_N55_00_W104_00_DEM,1,11,0,3,15
geography/geodata/elevation/usa/Copernicus_DSM_COG_30_N55_00_W105_00_DEM,1,11,0,3,15
geography/geodata/elevation/usa/Copernicus_DSM_COG_30_N55_00_W106_00_DEM,1,11,0,3,15
geography/geodata/elevation/usa/Copernicus_DSM_COG_30_N55_00_W107_00_DEM,1,11,0,3,15
geography/geodata/elevation/usa/Copernicus_DSM_COG_30_N55_00_W108_00_DEM,1,11,0,3,15
geography/geodata/elevation/usa/Copernicus_DSM_COG_30_N55_00_W109_00_DEM,1,11,0,3,15
geography/geodata/elevation/usa/Copernicus_DSM_COG_30_N55_00_W110_00_DEM,1,11,0,3,15
geography/geodata/elevation/usa/Copernicus_DSM_COG_30_N55_00_W111_00_DEM,1,11,0,3,15
geography/geodata/elevation/usa/Copernicus_DSM_COG_30_N55_00_W112_00_DEM,1,11,0,3,15
geography/geodata/elevation/usa/Copernicus_DSM_COG_30_N55_00_W113_00_DEM,1,11,0,3,15
geography/geodata/elevation/usa/Copernicus_DSM_COG_30_N55_00_W114_00_DEM,1,11,0,3,15
geography/geodata/elevation/usa/Copernicus_DSM_COG_30_N55_00_W115_00_DEM,1,11,0,3,15
geography/geodata/elevation/usa/Copernicus_DSM_COG_30_N55_00_W116_00_DEM,1,11,0,3,15
geography/geodata/elevation/usa/Copernicus_DSM_COG_30_N55_00_W117_00_DEM,1,11,0,3,15
geography/geodata/elevation/usa/Copernicus_DSM_COG_30_N55_00_W118_00_DEM,1,11,0,3,15
geography/geodata/elevation/usa/Copernicus_DSM_COG_30_N55_00_W119_00_DEM,1,11,0,3,15
geography/geodata/elevation/usa/Copernicus_DSM_COG_30_N55_00_W120_00_DEM,1,11,0,3,15
geography/geodata/elevation/usa/Copernicus_DSM_COG_30_N55_00_W121_00_DEM,1,11,0,3,15
geography/geodata/elevation/usa/Copernicus_DSM_COG_30_N55_00_W122_00_DEM,1,11,0,3,15
geography/geodata/elevation/usa/Copernicus_DSM_COG_30_N55_00_W123_00_DEM,1,11,0,3,15
geography/geodata/elevation/usa/Copernicus_DSM_COG_30_N55_00_W124_00_DEM,1,11,0,3,15
geography/geodata/elevation/usa/Copernicus_DSM_COG_30_N55_00_W125_00_DEM,1,11,0,3,15
geography/geodata/elevation/usa/Copernicus_DSM_COG_30_N55_00_W126_00_DEM,1,11,0,3,15
geography/geodata/elevation/usa/Copernicus_DSM_COG_30_N55_00_W127_00_DEM,1,11,0,3,15
geography/geodata/elevation/usa/Copernicus_DSM_COG_30_N55_00_W128_00_DEM,1,11,0,3,15
geography/geodata/elevation/usa/Copernicus_DSM_COG_30_N55_00_W129_00_DEM,1,11,0,3,15
geography/geodata/elevation/usa/Copernicus_DSM_COG_30_N55_00_W130_00_DEM,1,11,0,3,15
geography/geodata/elevation/usa/Copernicus_DSM_COG_30_N55_00_W131_00_DEM,1,11,0,3,15
geography/geodata/elevation/usa/Copernicus_DSM_COG_30_N55_00_W132_00_DEM,1,11,0,3,15
geography/geodata/elevation/usa/Copernicus_DSM_COG_30_N55_00_W133_00_DEM,1,11,0,3,15
geography/geodata/elevation/usa/Copernicus_DSM_COG_30_N55_00_W134_00_DEM,1,11,0,3,15
geography/geodata/elevation/usa/Copernicus_DSM_COG_30_N55_00_W135_00_DEM,1,11,0,3,15
geography/geodata/elevation/usa/Copernicus_DSM_COG_30_N55_00_W156_00_DEM,1,11,0,3,15
geography/geodata/elevation/usa/Copernicus_DSM_COG_30_N55_00_W157_00_DEM,1,11,0,3,15
geography/geodata/elevation/usa/Copernicus_DSM_COG_30_N55_00_W159_00_DEM,1,11,0,3,15
geography/geodata/elevation/usa/Copernicus_DSM_COG_30_N55_00_W160_00_DEM,1,11,0,3,15
geography/geodata/elevation/usa/Copernicus_DSM_COG_30_N55_00_W161_00_DEM,1,11,0,3,15
geography/geodata/elevation/usa/Copernicus_DSM_COG_30_N55_00_W162_00_DEM,1,11,0,3,15
geography/geodata/elevation/usa/Copernicus_DSM_COG_30_N55_00_W163_00_DEM,1,11,0,3,15
geography/geodata/elevation/usa/Copernicus_DSM_COG_30_N55_00_W164_00_DEM,1,11,0,3,15
geography/geodata/elevation/usa/Copernicus_DSM_COG_30_N56_00_W061_00_DEM,1,11,0,3,15
geography/geodata/elevation/usa/Copernicus_DSM_COG_30_N56_00_W062_00_DEM,1,11,0,3,15
geography/geodata/elevation/usa/Copernicus_DSM_COG_30_N56_00_W063_00_DEM,1,11,0,3,15
geography/geodata/elevation/usa/Copernicus_DSM_COG_30_N56_00_W064_00_DEM,1,11,0,3,15
geography/geodata/elevation/usa/Copernicus_DSM_COG_30_N56_00_W065_00_DEM,1,11,0,3,15
geography/geodata/elevation/usa/Copernicus_DSM_COG_30_N56_00_W066_00_DEM,1,11,0,3,15
geography/geodata/elevation/usa/Copernicus_DSM_COG_30_N56_00_W067_00_DEM,1,11,0,3,15
geography/geodata/elevation/usa/Copernicus_DSM_COG_30_N56_00_W068_00_DEM,1,11,0,3,15
geography/geodata/elevation/usa/Copernicus_DSM_COG_30_N56_00_W069_00_DEM,1,11,0,3,15
geography/geodata/elevation/usa/Copernicus_DSM_COG_30_N56_00_W070_00_DEM,1,11,0,3,15
geography/geodata/elevation/usa/Copernicus_DSM_COG_30_N56_00_W071_00_DEM,1,11,0,3,15
geography/geodata/elevation/usa/Copernicus_DSM_COG_30_N56_00_W072_00_DEM,1,11,0,3,15
geography/geodata/elevation/usa/Copernicus_DSM_COG_30_N56_00_W073_00_DEM,1,11,0,3,15
geography/geodata/elevation/usa/Copernicus_DSM_COG_30_N56_00_W074_00_DEM,1,11,0,3,15
geography/geodata/elevation/usa/Copernicus_DSM_COG_30_N56_00_W075_00_DEM,1,11,0,3,15
geography/geodata/elevation/usa/Copernicus_DSM_COG_30_N56_00_W076_00_DEM,1,11,0,3,15
geography/geodata/elevation/usa/Copernicus_DSM_COG_30_N56_00_W077_00_DEM,1,11,0,3,15
geography/geodata/elevation/usa/Copernicus_DSM_COG_30_N56_00_W078_00_DEM,1,11,0,3,15
geography/geodata/elevation/usa/Copernicus_DSM_COG_30_N56_00_W079_00_DEM,1,11,0,3,15
geography/geodata/elevation/usa/Copernicus_DSM_COG_30_N56_00_W080_00_DEM,1,11,0,3,15
geography/geodata/elevation/usa/Copernicus_DSM_COG_30_N56_00_W081_00_DEM,1,11,0,3,15
geography/geodata/elevation/usa/Copernicus_DSM_COG_30_N56_00_W088_00_DEM,1,11,0,3,15
geography/geodata/elevation/usa/Copernicus_DSM_COG_30_N56_00_W089_00_DEM,1,11,0,3,15
geography/geodata/elevation/usa/Copernicus_DSM_COG_30_N56_00_W090_00_DEM,1,11,0,3,15
geography/geodata/elevation/usa/Copernicus_DSM_COG_30_N56_00_W091_00_DEM,1,11,0,3,15
geography/geodata/elevation/usa/Copernicus_DSM_COG_30_N56_00_W092_00_DEM,1,11,0,3,15
geography/geodata/elevation/usa/Copernicus_DSM_COG_30_N56_00_W093_00_DEM,1,11,0,3,15
geography/geodata/elevation/usa/Copernicus_DSM_COG_30_N56_00_W094_00_DEM,1,11,0,3,15
geography/geodata/elevation/usa/Copernicus_DSM_COG_30_N56_00_W095_00_DEM,1,11,0,3,15
geography/geodata/elevation/usa/Copernicus_DSM_COG_30_N56_00_W096_00_DEM,1,11,0,3,15
geography/geodata/elevation/usa/Copernicus_DSM_COG_30_N56_00_W097_00_DEM,1,11,0,3,15
geography/geodata/elevation/usa/Copernicus_DSM_COG_30_N56_00_W098_00_DEM,1,11,0,3,15
geography/geodata/elevation/usa/Copernicus_DSM_COG_30_N56_00_W099_00_DEM,1,11,0,3,15
geography/geodata/elevation/usa/Copernicus_DSM_COG_30_N56_00_W100_00_DEM,1,11,0,3,15
geography/geodata/elevation/usa/Copernicus_DSM_COG_30_N56_00_W101_00_DEM,1,11,0,3,15
geography/geodata/elevation/usa/Copernicus_DSM_COG_30_N56_00_W102_00_DEM,1,11,0,3,15
geography/geodata/elevation/usa/Copernicus_DSM_COG_30_N56_00_W103_00_DEM,1,11,0,3,15
geography/geodata/elevation/usa/Copernicus_DSM_COG_30_N56_00_W104_00_DEM,1,11,0,3,15
geography/geodata/elevation/usa/Copernicus_DSM_COG_30_N56_00_W105_00_DEM,1,11,0,3,15
geography/geodata/elevation/usa/Copernicus_DSM_COG_30_N56_00_W106_00_DEM,1,11,0,3,15
geography/geodata/elevation/usa/Copernicus_DSM_COG_30_N56_00_W107_00_DEM,1,11,0,3,15
geography/geodata/elevation/usa/Copernicus_DSM_COG_30_N56_00_W108_00_DEM,1,11,0,3,15
geography/geodata/elevation/usa/Copernicus_DSM_COG_30_N56_00_W109_00_DEM,1,11,0,3,15
geography/geodata/elevation/usa/Copernicus_DSM_COG_30_N56_00_W110_00_DEM,1,11,0,3,15
geography/geodata/elevation/usa/Copernicus_DSM_COG_30_N56_00_W111_00_DEM,1,11,0,3,15
geography/geodata/elevation/usa/Copernicus_DSM_COG_30_N56_00_W112_00_DEM,1,11,0,3,15
geography/geodata/elevation/usa/Copernicus_DSM_COG_30_N56_00_W113_00_DEM,1,11,0,3,15
geography/geodata/elevation/usa/Copernicus_DSM_COG_30_N56_00_W114_00_DEM,1,11,0,3,15
geography/geodata/elevation/usa/Copernicus_DSM_COG_30_N56_00_W115_00_DEM,1,11,0,3,15
geography/geodata/elevation/usa/Copernicus_DSM_COG_30_N56_00_W116_00_DEM,1,11,0,3,15
geography/geodata/elevation/usa/Copernicus_DSM_COG_30_N56_00_W117_00_DEM,1,11,0,3,15
geography/geodata/elevation/usa/Copernicus_DSM_COG_30_N56_00_W118_00_DEM,1,11,0,3,15
geography/geodata/elevation/usa/Copernicus_DSM_COG_30_N56_00_W119_00_DEM,1,11,0,3,15
geography/geodata/elevation/usa/Copernicus_DSM_COG_30_N56_00_W120_00_DEM,1,11,0,3,15
geography/geodata/elevation/usa/Copernicus_DSM_COG_30_N56_00_W121_00_DEM,1,11,0,3,15
geography/geodata/elevation/usa/Copernicus_DSM_COG_30_N56_00_W122_00_DEM,1,11,0,3,15
geography/geodata/elevation/usa/Copernicus_DSM_COG_30_N56_00_W123_00_DEM,1,11,0,3,15
geography/geodata/elevation/usa/Copernicus_DSM_COG_30_N56_00_W124_00_DEM,1,11,0,3,15
geography/geodata/elevation/usa/Copernicus_DSM_COG_30_N56_00_W125_00_DEM,1,11,0,3,15
geography/geodata/elevation/usa/Copernicus_DSM_COG_30_N56_00_W126_00_DEM,1,11,0,3,15
geography/geodata/elevation/usa/Copernicus_DSM_COG_30_N56_00_W127_00_DEM,1,11,0,3,15
geography/geodata/elevation/usa/Copernicus_DSM_COG_30_N56_00_W128_00_DEM,1,11,0,3,15
geography/geodata/elevation/usa/Copernicus_DSM_COG_30_N56_00_W129_00_DEM,1,11,0,3,15
geography/geodata/elevation/usa/Copernicus_DSM_COG_30_N56_00_W130_00_DEM,1,11,0,3,15
geography/geodata/elevation/usa/Copernicus_DSM_COG_30_N56_00_W131_00_DEM,1,11,0,3,15
geography/geodata/elevation/usa/Copernicus_DSM_COG_30_N56_00_W132_00_DEM,1,11,0,3,15
geography/geodata/elevation/usa/Copernicus_DSM_COG_30_N56_00_W133_00_DEM,1,11,0,3,15
geography/geodata/elevation/usa/Copernicus_DSM_COG_30_N56_00_W134_00_DEM,1,11,0,3,15
geography/geodata/elevation/usa/Copernicus_DSM_COG_30_N56_00_W135_00_DEM,1,11,0,3,15
geography/geodata/elevation/usa/Copernicus_DSM_COG_30_N56_00_W136_00_DEM,1,11,0,3,15
geography/geodata/elevation/usa/Copernicus_DSM_COG_30_N56_00_W154_00_DEM,1,11,0,3,15
geography/geodata/elevation/usa/Copernicus_DSM_COG_30_N56_00_W155_00_DEM,1,11,0,3,15
geography/geodata/elevation/usa/Copernicus_DSM_COG_30_N56_00_W157_00_DEM,1,11,0,3,15
geography/geodata/elevation/usa/Copernicus_DSM_COG_30_N56_00_W158_00_DEM,1,11,0,3,15
geography/geodata/elevation/usa/Copernicus_DSM_COG_30_N56_00_W159_00_DEM,1,11,0,3,15
geography/geodata/elevation/usa/Copernicus_DSM_COG_30_N56_00_W160_00_DEM,1,11,0,3,15
geography/geodata/elevation/usa/Copernicus_DSM_COG_30_N56_00_W161_00_DEM,1,11,0,3,15
geography/geodata/elevation/usa/Copernicus_DSM_COG_30_N56_00_W162_00_DEM,1,11,0,3,15
geography/geodata/elevation/usa/Copernicus_DSM_COG_30_N56_00_W170_00_DEM,1,11,0,3,15
geography/geodata/elevation/usa/Copernicus_DSM_COG_30_N57_00_W062_00_DEM,1,11,0,3,15
geography/geodata/elevation/usa/Copernicus_DSM_COG_30_N57_00_W063_00_DEM,1,11,0,3,15
geography/geodata/elevation/usa/Copernicus_DSM_COG_30_N57_00_W064_00_DEM,1,11,0,3,15
geography/geodata/elevation/usa/Copernicus_DSM_COG_30_N57_00_W065_00_DEM,1,11,0,3,15
geography/geodata/elevation/usa/Copernicus_DSM_COG_30_N57_00_W066_00_DEM,1,11,0,3,15
geography/geodata/elevation/usa/Copernicus_DSM_COG_30_N57_00_W067_00_DEM,1,11,0,3,15
geography/geodata/elevation/usa/Copernicus_DSM_COG_30_N57_00_W068_00_DEM,1,11,0,3,15
geography/geodata/elevation/usa/Copernicus_DSM_COG_30_N57_00_W069_00_DEM,1,11,0,3,15
geography/geodata/elevation/usa/Copernicus_DSM_COG_30_N57_00_W070_00_DEM,1,11,0,3,15
geography/geodata/elevation/usa/Copernicus_DSM_COG_30_N57_00_W071_00_DEM,1,11,0,3,15
geography/geodata/elevation/usa/Copernicus_DSM_COG_30_N57_00_W072_00_DEM,1,11,0,3,15
geography/geodata/elevation/usa/Copernicus_DSM_COG_30_N57_00_W073_00_DEM,1,11,0,3,15
geography/geodata/elevation/usa/Copernicus_DSM_COG_30_N57_00_W074_00_DEM,1,11,0,3,15
geography/geodata/elevation/usa/Copernicus_DSM_COG_30_N57_00_W075_00_DEM,1,11,0,3,15
geography/geodata/elevation/usa/Copernicus_DSM_COG_30_N57_00_W076_00_DEM,1,11,0,3,15
geography/geodata/elevation/usa/Copernicus_DSM_COG_30_N57_00_W077_00_DEM,1,11,0,3,15
geography/geodata/elevation/usa/Copernicus_DSM_COG_30_N57_00_W078_00_DEM,1,11,0,3,15
geography/geodata/elevation/usa/Copernicus_DSM_COG_30_N57_00_W079_00_DEM,1,11,0,3,15
geography/geodata/elevation/usa/Copernicus_DSM_COG_30_N57_00_W080_00_DEM,1,11,0,3,15
geography/geodata/elevation/usa/Copernicus_DSM_COG_30_N57_00_W090_00_DEM,1,11,0,3,15
geography/geodata/elevation/usa/Copernicus_DSM_COG_30_N57_00_W091_00_DEM,1,11,0,3,15
geography/geodata/elevation/usa/Copernicus_DSM_COG_30_N57_00_W092_00_DEM,1,11,0,3,15
geography/geodata/elevation/usa/Copernicus_DSM_COG_30_N57_00_W093_00_DEM,1,11,0,3,15
geography/geodata/elevation/usa/Copernicus_DSM_COG_30_N57_00_W094_00_DEM,1,11,0,3,15
geography/geodata/elevation/usa/Copernicus_DSM_COG_30_N57_00_W095_00_DEM,1,11,0,3,15
geography/geodata/elevation/usa/Copernicus_DSM_COG_30_N57_00_W096_00_DEM,1,11,0,3,15
geography/geodata/elevation/usa/Copernicus_DSM_COG_30_N57_00_W097_00_DEM,1,11,0,3,15
geography/geodata/elevation/usa/Copernicus_DSM_COG_30_N57_00_W098_00_DEM,1,11,0,3,15
geography/geodata/elevation/usa/Copernicus_DSM_COG_30_N57_00_W099_00_DEM,1,11,0,3,15
geography/geodata/elevation/usa/Copernicus_DSM_COG_30_N57_00_W100_00_DEM,1,11,0,3,15
geography/geodata/elevation/usa/Copernicus_DSM_COG_30_N57_00_W101_00_DEM,1,11,0,3,15
geography/geodata/elevation/usa/Copernicus_DSM_COG_30_N57_00_W102_00_DEM,1,11,0,3,15
geography/geodata/elevation/usa/Copernicus_DSM_COG_30_N57_00_W103_00_DEM,1,11,0,3,15
geography/geodata/elevation/usa/Copernicus_DSM_COG_30_N57_00_W104_00_DEM,1,11,0,3,15
geography/geodata/elevation/usa/Copernicus_DSM_COG_30_N57_00_W105_00_DEM,1,11,0,3,15
geography/geodata/elevation/usa/Copernicus_DSM_COG_30_N57_00_W106_00_DEM,1,11,0,3,15
geography/geodata/elevation/usa/Copernicus_DSM_COG_30_N57_00_W107_00_DEM,1,11,0,3,15
geography/geodata/elevation/usa/Copernicus_DSM_COG_30_N57_00_W108_00_DEM,1,11,0,3,15
geography/geodata/elevation/usa/Copernicus_DSM_COG_30_N57_00_W109_00_DEM,1,11,0,3,15
geography/geodata/elevation/usa/Copernicus_DSM_COG_30_N57_00_W110_00_DEM,1,11,0,3,15
geography/geodata/elevation/usa/Copernicus_DSM_COG_30_N57_00_W111_00_DEM,1,11,0,3,15
geography/geodata/elevation/usa/Copernicus_DSM_COG_30_N57_00_W112_00_DEM,1,11,0,3,15
geography/geodata/elevation/usa/Copernicus_DSM_COG_30_N57_00_W113_00_DEM,1,11,0,3,15
geography/geodata/elevation/usa/Copernicus_DSM_COG_30_N57_00_W114_00_DEM,1,11,0,3,15
geography/geodata/elevation/usa/Copernicus_DSM_COG_30_N57_00_W115_00_DEM,1,11,0,3,15
geography/geodata/elevation/usa/Copernicus_DSM_COG_30_N57_00_W116_00_DEM,1,11,0,3,15
geography/geodata/elevation/usa/Copernicus_DSM_COG_30_N57_00_W117_00_DEM,1,11,0,3,15
geography/geodata/elevation/usa/Copernicus_DSM_COG_30_N57_00_W118_00_DEM,1,11,0,3,15
geography/geodata/elevation/usa/Copernicus_DSM_COG_30_N57_00_W119_00_DEM,1,11,0,3,15
geography/geodata/elevation/usa/Copernicus_DSM_COG_30_N57_00_W120_00_DEM,1,11,0,3,15
geography/geodata/elevation/usa/Copernicus_DSM_COG_30_N57_00_W121_00_DEM,1,11,0,3,15
geography/geodata/elevation/usa/Copernicus_DSM_COG_30_N57_00_W122_00_DEM,1,11,0,3,15
geography/geodata/elevation/usa/Copernicus_DSM_COG_30_N57_00_W123_00_DEM,1,11,0,3,15
geography/geodata/elevation/usa/Copernicus_DSM_COG_30_N57_00_W124_00_DEM,1,11,0,3,15
geography/geodata/elevation/usa/Copernicus_DSM_COG_30_N57_00_W125_00_DEM,1,11,0,3,15
geography/geodata/elevation/usa/Copernicus_DSM_COG_30_N57_00_W126_00_DEM,1,11,0,3,15
geography/geodata/elevation/usa/Copernicus_DSM_COG_30_N57_00_W127_00_DEM,1,11,0,3,15
geography/geodata/elevation/usa/Copernicus_DSM_COG_30_N57_00_W128_00_DEM,1,11,0,3,15
geography/geodata/elevation/usa/Copernicus_DSM_COG_30_N57_00_W129_00_DEM,1,11,0,3,15
geography/geodata/elevation/usa/Copernicus_DSM_COG_30_N57_00_W130_00_DEM,1,11,0,3,15
geography/geodata/elevation/usa/Copernicus_DSM_COG_30_N57_00_W131_00_DEM,1,11,0,3,15
geography/geodata/elevation/usa/Copernicus_DSM_COG_30_N57_00_W132_00_DEM,1,11,0,3,15
geography/geodata/elevation/usa/Copernicus_DSM_COG_30_N57_00_W133_00_DEM,1,11,0,3,15
geography/geodata/elevation/usa/Copernicus_DSM_COG_30_N57_00_W134_00_DEM,1,11,0,3,15
geography/geodata/elevation/usa/Copernicus_DSM_COG_30_N57_00_W135_00_DEM,1,11,0,3,15
geography/geodata/elevation/usa/Copernicus_DSM_COG_30_N57_00_W136_00_DEM,1,11,0,3,15
geography/geodata/elevation/usa/Copernicus_DSM_COG_30_N57_00_W137_00_DEM,1,11,0,3,15
geography/geodata/elevation/usa/Copernicus_DSM_COG_30_N57_00_W153_00_DEM,1,11,0,3,15
geography/geodata/elevation/usa/Copernicus_DSM_COG_30_N57_00_W154_00_DEM,1,11,0,3,15
geography/geodata/elevation/usa/Copernicus_DSM_COG_30_N57_00_W155_00_DEM,1,11,0,3,15
geography/geodata/elevation/usa/Copernicus_DSM_COG_30_N57_00_W156_00_DEM,1,11,0,3,15
geography/geodata/elevation/usa/Copernicus_DSM_COG_30_N57_00_W157_00_DEM,1,11,0,3,15
geography/geodata/elevation/usa/Copernicus_DSM_COG_30_N57_00_W158_00_DEM,1,11,0,3,15
geography/geodata/elevation/usa/Copernicus_DSM_COG_30_N57_00_W159_00_DEM,1,11,0,3,15
geography/geodata/elevation/usa/Copernicus_DSM_COG_30_N57_00_W170_00_DEM,1,11,0,3,15
geography/geodata/elevation/usa/Copernicus_DSM_COG_30_N57_00_W171_00_DEM,1,11,0,3,15
geography/geodata/elevation/usa/Copernicus_DSM_COG_30_N58_00_W063_00_DEM,1,11,0,3,15
geography/geodata/elevation/usa/Copernicus_DSM_COG_30_N58_00_W064_00_DEM,1,11,0,3,15
geography/geodata/elevation/usa/Copernicus_DSM_COG_30_N58_00_W065_00_DEM,1,11,0,3,15
geography/geodata/elevation/usa/Copernicus_DSM_COG_30_N58_00_W066_00_DEM,1,11,0,3,15
geography/geodata/elevation/usa/Copernicus_DSM_COG_30_N58_00_W067_00_DEM,1,11,0,3,15
geography/geodata/elevation/usa/Copernicus_DSM_COG_30_N58_00_W068_00_DEM,1,11,0,3,15
geography/geodata/elevation/usa/Copernicus_DSM_COG_30_N58_00_W069_00_DEM,1,11,0,3,15
geography/geodata/elevation/usa/Copernicus_DSM_COG_30_N58_00_W070_00_DEM,1,11,0,3,15
geography/geodata/elevation/usa/Copernicus_DSM_COG_30_N58_00_W071_00_DEM,1,11,0,3,15
geography/geodata/elevation/usa/Copernicus_DSM_COG_30_N58_00_W072_00_DEM,1,11,0,3,15
geography/geodata/elevation/usa/Copernicus_DSM_COG_30_N58_00_W073_00_DEM,1,11,0,3,15
geography/geodata/elevation/usa/Copernicus_DSM_COG_30_N58_00_W074_00_DEM,1,11,0,3,15
geography/geodata/elevation/usa/Copernicus_DSM_COG_30_N58_00_W075_00_DEM,1,11,0,3,15
geography/geodata/elevation/usa/Copernicus_DSM_COG_30_N58_00_W076_00_DEM,1,11,0,3,15
geography/geodata/elevation/usa/Copernicus_DSM_COG_30_N58_00_W077_00_DEM,1,11,0,3,15
geography/geodata/elevation/usa/Copernicus_DSM_COG_30_N58_00_W078_00_DEM,1,11,0,3,15
geography/geodata/elevation/usa/Copernicus_DSM_COG_30_N58_00_W079_00_DEM,1,11,0,3,15
geography/geodata/elevation/usa/Copernicus_DSM_COG_30_N58_00_W080_00_DEM,1,11,0,3,15
geography/geodata/elevation/usa/Copernicus_DSM_COG_30_N58_00_W081_00_DEM,1,11,0,3,15
geography/geodata/elevation/usa/Copernicus_DSM_COG_30_N58_00_W093_00_DEM,1,11,0,3,15
geography/geodata/elevation/usa/Copernicus_DSM_COG_30_N58_00_W094_00_DEM,1,11,0,3,15
geography/geodata/elevation/usa/Copernicus_DSM_COG_30_N58_00_W095_00_DEM,1,11,0,3,15
geography/geodata/elevation/usa/Copernicus_DSM_COG_30_N58_00_W096_00_DEM,1,11,0,3,15
geography/geodata/elevation/usa/Copernicus_DSM_COG_30_N58_00_W097_00_DEM,1,11,0,3,15
geography/geodata/elevation/usa/Copernicus_DSM_COG_30_N58_00_W098_00_DEM,1,11,0,3,15
geography/geodata/elevation/usa/Copernicus_DSM_COG_30_N58_00_W099_00_DEM,1,11,0,3,15
geography/geodata/elevation/usa/Copernicus_DSM_COG_30_N58_00_W100_00_DEM,1,11,0,3,15
geography/geodata/elevation/usa/Copernicus_DSM_COG_30_N58_00_W101_00_DEM,1,11,0,3,15
geography/geodata/elevation/usa/Copernicus_DSM_COG_30_N58_00_W102_00_DEM,1,11,0,3,15
geography/geodata/elevation/usa/Copernicus_DSM_COG_30_N58_00_W103_00_DEM,1,11,0,3,15
geography/geodata/elevation/usa/Copernicus_DSM_COG_30_N58_00_W104_00_DEM,1,11,0,3,15
geography/geodata/elevation/usa/Copernicus_DSM_COG_30_N58_00_W105_00_DEM,1,11,0,3,15
geography/geodata/elevation/usa/Copernicus_DSM_COG_30_N58_00_W106_00_DEM,1,11,0,3,15
geography/geodata/elevation/usa/Copernicus_DSM_COG_30_N58_00_W107_00_DEM,1,11,0,3,15
geography/geodata/elevation/usa/Copernicus_DSM_COG_30_N58_00_W108_00_DEM,1,11,0,3,15
geography/geodata/elevation/usa/Copernicus_DSM_COG_30_N58_00_W109_00_DEM,1,11,0,3,15
geography/geodata/elevation/usa/Copernicus_DSM_COG_30_N58_00_W110_00_DEM,1,11,0,3,15
geography/geodata/elevation/usa/Copernicus_DSM_COG_30_N58_00_W111_00_DEM,1,11,0,3,15
geography/geodata/elevation/usa/Copernicus_DSM_COG_30_N58_00_W112_00_DEM,1,11,0,3,15
geography/geodata/elevation/usa/Copernicus_DSM_COG_30_N58_00_W113_00_DEM,1,11,0,3,15
geography/geodata/elevation/usa/Copernicus_DSM_COG_30_N58_00_W114_00_DEM,1,11,0,3,15
geography/geodata/elevation/usa/Copernicus_DSM_COG_30_N58_00_W115_00_DEM,1,11,0,3,15
geography/geodata/elevation/usa/Copernicus_DSM_COG_30_N58_00_W116_00_DEM,1,11,0,3,15
geography/geodata/elevation/usa/Copernicus_DSM_COG_30_N58_00_W117_00_DEM,1,11,0,3,15
geography/geodata/elevation/usa/Copernicus_DSM_COG_30_N58_00_W118_00_DEM,1,11,0,3,15
geography/geodata/elevation/usa/Copernicus_DSM_COG_30_N58_00_W119_00_DEM,1,11,0,3,15
geography/geodata/elevation/usa/Copernicus_DSM_COG_30_N58_00_W120_00_DEM,1,11,0,3,15
geography/geodata/elevation/usa/Copernicus_DSM_COG_30_N58_00_W121_00_DEM,1,11,0,3,15
geography/geodata/elevation/usa/Copernicus_DSM_COG_30_N58_00_W122_00_DEM,1,11,0,3,15
geography/geodata/elevation/usa/Copernicus_DSM_COG_30_N58_00_W123_00_DEM,1,11,0,3,15
geography/geodata/elevation/usa/Copernicus_DSM_COG_30_N58_00_W124_00_DEM,1,11,0,3,15
geography/geodata/elevation/usa/Copernicus_DSM_COG_30_N58_00_W125_00_DEM,1,11,0,3,15
geography/geodata/elevation/usa/Copernicus_DSM_COG_30_N58_00_W126_00_DEM,1,11,0,3,15
geography/geodata/elevation/usa/Copernicus_DSM_COG_30_N58_00_W127_00_DEM,1,11,0,3,15
geography/geodata/elevation/usa/Copernicus_DSM_COG_30_N58_00_W128_00_DEM,1,11,0,3,15
geography/geodata/elevation/usa/Copernicus_DSM_COG_30_N58_00_W129_00_DEM,1,11,0,3,15
geography/geodata/elevation/usa/Copernicus_DSM_COG_30_N58_00_W130_00_DEM,1,11,0,3,15
geography/geodata/elevation/usa/Copernicus_DSM_COG_30_N58_00_W131_00_DEM,1,11,0,3,15
geography/geodata/elevation/usa/Copernicus_DSM_COG_30_N58_00_W132_00_DEM,1,11,0,3,15
geography/geodata/elevation/usa/Copernicus_DSM_COG_30_N58_00_W134_00_DEM,1,11,0,3,15
geography/geodata/elevation/usa/Copernicus_DSM_COG_30_N58_00_W135_00_DEM,1,11,0,3,15
geography/geodata/elevation/usa/Copernicus_DSM_COG_30_N58_00_W136_00_DEM,1,11,0,3,15
geography/geodata/elevation/usa/Copernicus_DSM_COG_30_N58_00_W137_00_DEM,1,11,0,3,15
geography/geodata/elevation/usa/Copernicus_DSM_COG_30_N58_00_W138_00_DEM,1,11,0,3,15
geography/geodata/elevation/usa/Copernicus_DSM_COG_30_N58_00_W139_00_DEM,1,11,0,3,15
geography/geodata/elevation/usa/Copernicus_DSM_COG_30_N58_00_W152_00_DEM,1,11,0,3,15
geography/geodata/elevation/usa/Copernicus_DSM_COG_30_N58_00_W153_00_DEM,1,11,0,3,15
geography/geodata/elevation/usa/Copernicus_DSM_COG_30_N58_00_W154_00_DEM,1,11,0,3,15
geography/geodata/elevation/usa/Copernicus_DSM_COG_30_N58_00_W155_00_DEM,1,11,0,3,15
geography/geodata/elevation/usa/Copernicus_DSM_COG_30_N58_00_W156_00_DEM,1,11,0,3,15
geography/geodata/elevation/usa/Copernicus_DSM_COG_30_N58_00_W157_00_DEM,1,11,0,3,15
geography/geodata/elevation/usa/Copernicus_DSM_COG_30_N58_00_W158_00_DEM,1,11,0,3,15
geography/geodata/elevation/usa/Copernicus_DSM_COG_30_N58_00_W159_00_DEM,1,11,0,3,15
geography/geodata/elevation/usa/Copernicus_DSM_COG_30_N58_00_W160_00_DEM,1,11,0,3,15
geography/geodata/elevation/usa/Copernicus_DSM_COG_30_N58_00_W161_00_DEM,1,11,0,3,15
geography/geodata/elevation/usa/Copernicus_DSM_COG_30_N58_00_W162_00_DEM,1,11,0,3,15
geography/geodata/elevation/usa/Copernicus_DSM_COG_30_N58_00_W163_00_DEM,1,11,0,3,15
geography/geodata/elevation/usa/Copernicus_DSM_COG_30_N59_00_W064_00_DEM,1,11,0,3,15
geography/geodata/elevation/usa/Copernicus_DSM_COG_30_N59_00_W065_00_DEM,1,11,0,3,15
geography/geodata/elevation/usa/Copernicus_DSM_COG_30_N59_00_W066_00_DEM,1,11,0,3,15
geography/geodata/elevation/usa/Copernicus_DSM_COG_30_N59_00_W067_00_DEM,1,11,0,3,15
geography/geodata/elevation/usa/Copernicus_DSM_COG_30_N59_00_W069_00_DEM,1,11,0,3,15
geography/geodata/elevation/usa/Copernicus_DSM_COG_30_N59_00_W070_00_DEM,1,11,0,3,15
geography/geodata/elevation/usa/Copernicus_DSM_COG_30_N59_00_W071_00_DEM,1,11,0,3,15
geography/geodata/elevation/usa/Copernicus_DSM_COG_30_N59_00_W072_00_DEM,1,11,0,3,15
geography/geodata/elevation/usa/Copernicus_DSM_COG_30_N59_00_W073_00_DEM,1,11,0,3,15
geography/geodata/elevation/usa/Copernicus_DSM_COG_30_N59_00_W074_00_DEM,1,11,0,3,15
geography/geodata/elevation/usa/Copernicus_DSM_COG_30_N59_00_W075_00_DEM,1,11,0,3,15
geography/geodata/elevation/usa/Copernicus_DSM_COG_30_N59_00_W076_00_DEM,1,11,0,3,15
geography/geodata/elevation/usa/Copernicus_DSM_COG_30_N59_00_W077_00_DEM,1,11,0,3,15
geography/geodata/elevation/usa/Copernicus_DSM_COG_30_N59_00_W078_00_DEM,1,11,0,3,15
geography/geodata/elevation/usa/Copernicus_DSM_COG_30_N59_00_W079_00_DEM,1,11,0,3,15
geography/geodata/elevation/usa/Copernicus_DSM_COG_30_N59_00_W080_00_DEM,1,11,0,3,15
geography/geodata/elevation/usa/Copernicus_DSM_COG_30_N59_00_W081_00_DEM,1,11,0,3,15
geography/geodata/elevation/usa/Copernicus_DSM_COG_30_N59_00_W095_00_DEM,1,11,0,3,15
geography/geodata/elevation/usa/Copernicus_DSM_COG_30_N59_00_W096_00_DEM,1,11,0,3,15
geography/geodata/elevation/usa/Copernicus_DSM_COG_30_N59_00_W097_00_DEM,1,11,0,3,15
geography/geodata/elevation/usa/Copernicus_DSM_COG_30_N59_00_W098_00_DEM,1,11,0,3,15
geography/geodata/elevation/usa/Copernicus_DSM_COG_30_N59_00_W099_00_DEM,1,11,0,3,15
geography/geodata/elevation/usa/Copernicus_DSM_COG_30_N59_00_W100_00_DEM,1,11,0,3,15
geography/geodata/elevation/usa/Copernicus_DSM_COG_30_N59_00_W101_00_DEM,1,11,0,3,15
geography/geodata/elevation/usa/Copernicus_DSM_COG_30_N59_00_W102_00_DEM,1,11,0,3,15
geography/geodata/elevation/usa/Copernicus_DSM_COG_30_N59_00_W103_00_DEM,1,11,0,3,15
geography/geodata/elevation/usa/Copernicus_DSM_COG_30_N59_00_W104_00_DEM,1,11,0,3,15
geography/geodata/elevation/usa/Copernicus_DSM_COG_30_N59_00_W105_00_DEM,1,11,0,3,15
geography/geodata/elevation/usa/Copernicus_DSM_COG_30_N59_00_W106_00_DEM,1,11,0,3,15
geography/geodata/elevation/usa/Copernicus_DSM_COG_30_N59_00_W107_00_DEM,1,11,0,3,15
geography/geodata/elevation/usa/Copernicus_DSM_COG_30_N59_00_W108_00_DEM,1,11,0,3,15
geography/geodata/elevation/usa/Copernicus_DSM_COG_30_N59_00_W109_00_DEM,1,11,0,3,15
geography/geodata/elevation/usa/Copernicus_DSM_COG_30_N59_00_W110_00_DEM,1,11,0,3,15
geography/geodata/elevation/usa/Copernicus_DSM_COG_30_N59_00_W111_00_DEM,1,11,0,3,15
geography/geodata/elevation/usa/Copernicus_DSM_COG_30_N59_00_W112_00_DEM,1,11,0,3,15
geography/geodata/elevation/usa/Copernicus_DSM_COG_30_N59_00_W113_00_DEM,1,11,0,3,15
geography/geodata/elevation/usa/Copernicus_DSM_COG_30_N59_00_W114_00_DEM,1,11,0,3,15
geography/geodata/elevation/usa/Copernicus_DSM_COG_30_N59_00_W115_00_DEM,1,11,0,3,15
geography/geodata/elevation/usa/Copernicus_DSM_COG_30_N59_00_W116_00_DEM,1,11,0,3,15
geography/geodata/elevation/usa/Copernicus_DSM_COG_30_N59_00_W117_00_DEM,1,11,0,3,15
geography/geodata/elevation/usa/Copernicus_DSM_COG_30_N59_00_W118_00_DEM,1,11,0,3,15
geography/geodata/elevation/usa/Copernicus_DSM_COG_30_N59_00_W119_00_DEM,1,11,0,3,15
geography/geodata/elevation/usa/Copernicus_DSM_COG_30_N59_00_W120_00_DEM,1,11,0,3,15
geography/geodata/elevation/usa/Copernicus_DSM_COG_30_N59_00_W121_00_DEM,1,11,0,3,15
geography/geodata/elevation/usa/Copernicus_DSM_COG_30_N59_00_W122_00_DEM,1,11,0,3,15
geography/geodata/elevation/usa/Copernicus_DSM_COG_30_N59_00_W123_00_DEM,1,11,0,3,15
geography/geodata/elevation/usa/Copernicus_DSM_COG_30_N59_00_W124_00_DEM,1,11,0,3,15
geography/geodata/elevation/usa/Copernicus_DSM_COG_30_N59_00_W125_00_DEM,1,11,0,3,15
geography/geodata/elevation/usa/Copernicus_DSM_COG_30_N59_00_W126_00_DEM,1,11,0,3,15
geography/geodata/elevation/usa/Copernicus_DSM_COG_30_N59_00_W127_00_DEM,1,11,0,3,15
geography/geodata/elevation/usa/Copernicus_DSM_COG_30_N59_00_W128_00_DEM,1,11,0,3,15
geography/geodata/elevation/usa/Copernicus_DSM_COG_30_N59_00_W129_00_DEM,1,11,0,3,15
geography/geodata/elevation/usa/Copernicus_DSM_COG_30_N59_00_W130_00_DEM,1,11,0,3,15
geography/geodata/elevation/usa/Copernicus_DSM_COG_30_N59_00_W131_00_DEM,1,11,0,3,15
geography/geodata/elevation/usa/Copernicus_DSM_COG_30_N59_00_W132_00_DEM,1,11,0,3,15
geography/geodata/elevation/usa/Copernicus_DSM_COG_30_N59_00_W133_00_DEM,1,11,0,3,15
geography/geodata/elevation/usa/Copernicus_DSM_COG_30_N59_00_W134_00_DEM,1,11,0,3,15
geography/geodata/elevation/usa/Copernicus_DSM_COG_30_N59_00_W135_00_DEM,1,11,0,3,15
geography/geodata/elevation/usa/Copernicus_DSM_COG_30_N59_00_W136_00_DEM,1,11,0,3,15
geography/geodata/elevation/usa/Copernicus_DSM_COG_30_N59_00_W137_00_DEM,1,11,0,3,15
geography/geodata/elevation/usa/Copernicus_DSM_COG_30_N59_00_W138_00_DEM,1,11,0,3,15
geography/geodata/elevation/usa/Copernicus_DSM_COG_30_N59_00_W139_00_DEM,1,11,0,3,15
geography/geodata/elevation/usa/Copernicus_DSM_COG_30_N59_00_W140_00_DEM,1,11,0,3,15
geography/geodata/elevation/usa/Copernicus_DSM_COG_30_N59_00_W141_00_DEM,1,11,0,3,15
geography/geodata/elevation/usa/Copernicus_DSM_COG_30_N59_00_W142_00_DEM,1,11,0,3,15
geography/geodata/elevation/usa/Copernicus_DSM_COG_30_N59_00_W144_00_DEM,1,11,0,3,15
geography/geodata/elevation/usa/Copernicus_DSM_COG_30_N59_00_W145_00_DEM,1,11,0,3,15
geography/geodata/elevation/usa/Copernicus_DSM_COG_30_N59_00_W147_00_DEM,1,11,0,3,15
geography/geodata/elevation/usa/Copernicus_DSM_COG_30_N59_00_W148_00_DEM,1,11,0,3,15
geography/geodata/elevation/usa/Copernicus_DSM_COG_30_N59_00_W149_00_DEM,1,11,0,3,15
geography/geodata/elevation/usa/Copernicus_DSM_COG_30_N59_00_W150_00_DEM,1,11,0,3,15
geography/geodata/elevation/usa/Copernicus_DSM_COG_30_N59_00_W151_00_DEM,1,11,0,3,15
geography/geodata/elevation/usa/Copernicus_DSM_COG_30_N59_00_W152_00_DEM,1,11,0,3,15
geography/geodata/elevation/usa/Copernicus_DSM_COG_30_N59_00_W153_00_DEM,1,11,0,3,15
geography/geodata/elevation/usa/Copernicus_DSM_COG_30_N59_00_W154_00_DEM,1,11,0,3,15
geography/geodata/elevation/usa/Copernicus_DSM_COG_30_N59_00_W155_00_DEM,1,11,0,3,15
geography/geodata/elevation/usa/Copernicus_DSM_COG_30_N59_00_W156_00_DEM,1,11,0,3,15
geography/geodata/elevation/usa/Copernicus_DSM_COG_30_N59_00_W157_00_DEM,1,11,0,3,15
geography/geodata/elevation/usa/Copernicus_DSM_COG_30_N59_00_W158_00_DEM,1,11,0,3,15
geography/geodata/elevation/usa/Copernicus_DSM_COG_30_N59_00_W159_00_DEM,1,11,0,3,15
geography/geodata/elevation/usa/Copernicus_DSM_COG_30_N59_00_W160_00_DEM,1,11,0,3,15
geography/geodata/elevation/usa/Copernicus_DSM_COG_30_N59_00_W161_00_DEM,1,11,0,3,15
geography/geodata/elevation/usa/Copernicus_DSM_COG_30_N59_00_W162_00_DEM,1,11,0,3,15
geography/geodata/elevation/usa/Copernicus_DSM_COG_30_N59_00_W163_00_DEM,1,11,0,3,15
geography/geodata/elevation/usa/Copernicus_DSM_COG_30_N59_00_W164_00_DEM,1,11,0,3,15
geography/geodata/elevation/usa/Copernicus_DSM_COG_30_N59_00_W165_00_DEM,1,11,0,3,15
geography/geodata/elevation/usa/Copernicus_DSM_COG_30_N59_00_W166_00_DEM,1,11,0,3,15
geography/geodata/elevation/usa/Copernicus_DSM_COG_30_N59_00_W167_00_DEM,1,11,0,3,15
geography/geodata/elevation/usa/Copernicus_DSM_COG_30_N59_00_W168_00_DEM,1,11,0,3,15
geography/geodata/elevation/usa/Copernicus_DSM_COG_30_N60_00_W065_00_DEM,1,11,0,3,15
geography/geodata/elevation/usa/Copernicus_DSM_COG_30_N60_00_W066_00_DEM,1,11,0,3,15
geography/geodata/elevation/usa/Copernicus_DSM_COG_30_N60_00_W067_00_DEM,1,11,0,3,15
geography/geodata/elevation/usa/Copernicus_DSM_COG_30_N60_00_W068_00_DEM,1,11,0,3,15
geography/geodata/elevation/usa/Copernicus_DSM_COG_30_N60_00_W069_00_DEM,1,11,0,3,15
geography/geodata/elevation/usa/Copernicus_DSM_COG_30_N60_00_W070_00_DEM,1,11,0,3,15
geography/geodata/elevation/usa/Copernicus_DSM_COG_30_N60_00_W071_00_DEM,1,11,0,3,15
geography/geodata/elevation/usa/Copernicus_DSM_COG_30_N60_00_W072_00_DEM,1,11,0,3,15
geography/geodata/elevation/usa/Copernicus_DSM_COG_30_N60_00_W073_00_DEM,1,11,0,3,15
geography/geodata/elevation/usa/Copernicus_DSM_COG_30_N60_00_W074_00_DEM,1,11,0,3,15
geography/geodata/elevation/usa/Copernicus_DSM_COG_30_N60_00_W075_00_DEM,1,11,0,3,15
geography/geodata/elevation/usa/Copernicus_DSM_COG_30_N60_00_W076_00_DEM,1,11,0,3,15
geography/geodata/elevation/usa/Copernicus_DSM_COG_30_N60_00_W077_00_DEM,1,11,0,3,15
geography/geodata/elevation/usa/Copernicus_DSM_COG_30_N60_00_W078_00_DEM,1,11,0,3,15
geography/geodata/elevation/usa/Copernicus_DSM_COG_30_N60_00_W079_00_DEM,1,11,0,3,15
geography/geodata/elevation/usa/Copernicus_DSM_COG_30_N60_00_W080_00_DEM,1,11,0,3,15
geography/geodata/elevation/usa/Copernicus_DSM_COG_30_N60_00_W095_00_DEM,1,11,0,3,15
geography/geodata/elevation/usa/Copernicus_DSM_COG_30_N60_00_W096_00_DEM,1,11,0,3,15
geography/geodata/elevation/usa/Copernicus_DSM_COG_30_N60_00_W097_00_DEM,1,11,0,3,15
geography/geodata/elevation/usa/Copernicus_DSM_COG_30_N60_00_W098_00_DEM,1,11,0,3,15
geography/geodata/elevation/usa/Copernicus_DSM_COG_30_N60_00_W099_00_DEM,1,11,0,3,15
geography/geodata/elevation/usa/Copernicus_DSM_COG_30_N60_00_W100_00_DEM,1,11,0,3,15
geography/geodata/elevation/usa/Copernicus_DSM_COG_30_N60_00_W101_00_DEM,1,11,0,3,15
geography/geodata/elevation/usa/Copernicus_DSM_COG_30_N60_00_W102_00_DEM,1,11,0,3,15
geography/geodata/elevation/usa/Copernicus_DSM_COG_30_N60_00_W103_00_DEM,1,11,0,3,15
geography/geodata/elevation/usa/Copernicus_DSM_COG_30_N60_00_W104_00_DEM,1,11,0,3,15
geography/geodata/elevation/usa/Copernicus_DSM_COG_30_N60_00_W105_00_DEM,1,11,0,3,15
geography/geodata/elevation/usa/Copernicus_DSM_COG_30_N60_00_W106_00_DEM,1,11,0,3,15
geography/geodata/elevation/usa/Copernicus_DSM_COG_30_N60_00_W107_00_DEM,1,11,0,3,15
geography/geodata/elevation/usa/Copernicus_DSM_COG_30_N60_00_W108_00_DEM,1,11,0,3,15
geography/geodata/elevation/usa/Copernicus_DSM_COG_30_N60_00_W109_00_DEM,1,11,0,3,15
geography/geodata/elevation/usa/Copernicus_DSM_COG_30_N60_00_W110_00_DEM,1,11,0,3,15
geography/geodata/elevation/usa/Copernicus_DSM_COG_30_N60_00_W111_00_DEM,1,11,0,3,15
geography/geodata/elevation/usa/Copernicus_DSM_COG_30_N60_00_W112_00_DEM,1,11,0,3,15
geography/geodata/elevation/usa/Copernicus_DSM_COG_30_N60_00_W113_00_DEM,1,11,0,3,15
geography/geodata/elevation/usa/Copernicus_DSM_COG_30_N60_00_W114_00_DEM,1,11,0,3,15
geography/geodata/elevation/usa/Copernicus_DSM_COG_30_N60_00_W115_00_DEM,1,11,0,3,15
geography/geodata/elevation/usa/Copernicus_DSM_COG_30_N60_00_W116_00_DEM,1,11,0,3,15
geography/geodata/elevation/usa/Copernicus_DSM_COG_30_N60_00_W117_00_DEM,1,11,0,3,15
geography/geodata/elevation/usa/Copernicus_DSM_COG_30_N60_00_W118_00_DEM,1,11,0,3,15
geography/geodata/elevation/usa/Copernicus_DSM_COG_30_N60_00_W119_00_DEM,1,11,0,3,15
geography/geodata/elevation/usa/Copernicus_DSM_COG_30_N60_00_W120_00_DEM,1,11,0,3,15
geography/geodata/elevation/usa/Copernicus_DSM_COG_30_N60_00_W121_00_DEM,1,11,0,3,15
geography/geodata/elevation/usa/Copernicus_DSM_COG_30_N60_00_W122_00_DEM,1,11,0,3,15
geography/geodata/elevation/usa/Copernicus_DSM_COG_30_N60_00_W123_00_DEM,1,11,0,3,15
geography/geodata/elevation/usa/Copernicus_DSM_COG_30_N60_00_W124_00_DEM,1,11,0,3,15
geography/geodata/elevation/usa/Copernicus_DSM_COG_30_N60_00_W125_00_DEM,1,11,0,3,15
geography/geodata/elevation/usa/Copernicus_DSM_COG_30_N60_00_W126_00_DEM,1,11,0,3,15
geography/geodata/elevation/usa/Copernicus_DSM_COG_30_N60_00_W127_00_DEM,1,11,0,3,15
geography/geodata/elevation/usa/Copernicus_DSM_COG_30_N60_00_W128_00_DEM,1,11,0,3,15
geography/geodata/elevation/usa/Copernicus_DSM_COG_30_N60_00_W129_00_DEM,1,11,0,3,15
geography/geodata/elevation/usa/Copernicus_DSM_COG_30_N60_00_W130_00_DEM,1,11,0,3,15
geography/geodata/elevation/usa/Copernicus_DSM_COG_30_N60_00_W131_00_DEM,1,11,0,3,15
geography/geodata/elevation/usa/Copernicus_DSM_COG_30_N60_00_W132_00_DEM,1,11,0,3,15
geography/geodata/elevation/usa/Copernicus_DSM_COG_30_N60_00_W133_00_DEM,1,11,0,3,15
geography/geodata/elevation/usa/Copernicus_DSM_COG_30_N60_00_W134_00_DEM,1,11,0,3,15
geography/geodata/elevation/usa/Copernicus_DSM_COG_30_N60_00_W135_00_DEM,1,11,0,3,15
geography/geodata/elevation/usa/Copernicus_DSM_COG_30_N60_00_W136_00_DEM,1,11,0,3,15
geography/geodata/elevation/usa/Copernicus_DSM_COG_30_N60_00_W137_00_DEM,1,11,0,3,15
geography/geodata/elevation/usa/Copernicus_DSM_COG_30_N60_00_W138_00_DEM,1,11,0,3,15
geography/geodata/elevation/usa/Copernicus_DSM_COG_30_N60_00_W139_00_DEM,1,11,0,3,15
geography/geodata/elevation/usa/Copernicus_DSM_COG_30_N60_00_W140_00_DEM,1,11,0,3,15
geography/geodata/elevation/usa/Copernicus_DSM_COG_30_N60_00_W141_00_DEM,1,11,0,3,15
geography/geodata/elevation/usa/Copernicus_DSM_COG_30_N60_00_W142_00_DEM,1,11,0,3,15
geography/geodata/elevation/usa/Copernicus_DSM_COG_30_N60_00_W143_00_DEM,1,11,0,3,15
geography/geodata/elevation/usa/Copernicus_DSM_COG_30_N60_00_W144_00_DEM,1,11,0,3,15
geography/geodata/elevation/usa/Copernicus_DSM_COG_30_N60_00_W145_00_DEM,1,11,0,3,15
geography/geodata/elevation/usa/Copernicus_DSM_COG_30_N60_00_W146_00_DEM,1,11,0,3,15
geography/geodata/elevation/usa/Copernicus_DSM_COG_30_N60_00_W147_00_DEM,1,11,0,3,15
geography/geodata/elevation/usa/Copernicus_DSM_COG_30_N60_00_W148_00_DEM,1,11,0,3,15
geography/geodata/elevation/usa/Copernicus_DSM_COG_30_N60_00_W149_00_DEM,1,11,0,3,15
geography/geodata/elevation/usa/Copernicus_DSM_COG_30_N60_00_W150_00_DEM,1,11,0,3,15
geography/geodata/elevation/usa/Copernicus_DSM_COG_30_N60_00_W151_00_DEM,1,11,0,3,15
geography/geodata/elevation/usa/Copernicus_DSM_COG_30_N60_00_W152_00_DEM,1,11,0,3,15
geography/geodata/elevation/usa/Copernicus_DSM_COG_30_N60_00_W153_00_DEM,1,11,0,3,15
geography/geodata/elevation/usa/Copernicus_DSM_COG_30_N60_00_W154_00_DEM,1,11,0,3,15
geography/geodata/elevation/usa/Copernicus_DSM_COG_30_N60_00_W155_00_DEM,1,11,0,3,15
geography/geodata/elevation/usa/Copernicus_DSM_COG_30_N60_00_W156_00_DEM,1,11,0,3,15
geography/geodata/elevation/usa/Copernicus_DSM_COG_30_N60_00_W157_00_DEM,1,11,0,3,15
geography/geodata/elevation/usa/Copernicus_DSM_COG_30_N60_00_W158_00_DEM,1,11,0,3,15
geography/geodata/elevation/usa/Copernicus_DSM_COG_30_N60_00_W159_00_DEM,1,11,0,3,15
geography/geodata/elevation/usa/Copernicus_DSM_COG_30_N60_00_W160_00_DEM,1,11,0,3,15
geography/geodata/elevation/usa/Copernicus_DSM_COG_30_N60_00_W161_00_DEM,1,11,0,3,15
geography/geodata/elevation/usa/Copernicus_DSM_COG_30_N60_00_W162_00_DEM,1,11,0,3,15
geography/geodata/elevation/usa/Copernicus_DSM_COG_30_N60_00_W163_00_DEM,1,11,0,3,15
geography/geodata/elevation/usa/Copernicus_DSM_COG_30_N60_00_W164_00_DEM,1,11,0,3,15
geography/geodata/elevation/usa/Copernicus_DSM_COG_30_N60_00_W165_00_DEM,1,11,0,3,15
geography/geodata/elevation/usa/Copernicus_DSM_COG_30_N60_00_W166_00_DEM,1,11,0,3,15
geography/geodata/elevation/usa/Copernicus_DSM_COG_30_N60_00_W167_00_DEM,1,11,0,3,15
geography/geodata/elevation/usa/Copernicus_DSM_COG_30_N60_00_W168_00_DEM,1,11,0,3,15
geography/geodata/elevation/usa/Copernicus_DSM_COG_30_N60_00_W173_00_DEM,1,11,0,3,15
geography/geodata/elevation/usa/Copernicus_DSM_COG_30_N60_00_W174_00_DEM,1,11,0,3,15
geography/geodata/elevation/usa/Copernicus_DSM_COG_30_N61_00_W065_00_DEM,1,11,0,3,15
geography/geodata/elevation/usa/Copernicus_DSM_COG_30_N61_00_W066_00_DEM,1,11,0,3,15
geography/geodata/elevation/usa/Copernicus_DSM_COG_30_N61_00_W067_00_DEM,1,11,0,3,15
geography/geodata/elevation/usa/Copernicus_DSM_COG_30_N61_00_W068_00_DEM,1,11,0,3,15
geography/geodata/elevation/usa/Copernicus_DSM_COG_30_N61_00_W069_00_DEM,1,11,0,3,15
geography/geodata/elevation/usa/Copernicus_DSM_COG_30_N61_00_W070_00_DEM,1,11,0,3,15
geography/geodata/elevation/usa/Copernicus_DSM_COG_30_N61_00_W071_00_DEM,1,11,0,3,15
geography/geodata/elevation/usa/Copernicus_DSM_COG_30_N61_00_W072_00_DEM,1,11,0,3,15
geography/geodata/elevation/usa/Copernicus_DSM_COG_30_N61_00_W073_00_DEM,1,11,0,3,15
geography/geodata/elevation/usa/Copernicus_DSM_COG_30_N61_00_W074_00_DEM,1,11,0,3,15
geography/geodata/elevation/usa/Copernicus_DSM_COG_30_N61_00_W075_00_DEM,1,11,0,3,15
geography/geodata/elevation/usa/Copernicus_DSM_COG_30_N61_00_W076_00_DEM,1,11,0,3,15
geography/geodata/elevation/usa/Copernicus_DSM_COG_30_N61_00_W077_00_DEM,1,11,0,3,15
geography/geodata/elevation/usa/Copernicus_DSM_COG_30_N61_00_W078_00_DEM,1,11,0,3,15
geography/geodata/elevation/usa/Copernicus_DSM_COG_30_N61_00_W079_00_DEM,1,11,0,3,15
geography/geodata/elevation/usa/Copernicus_DSM_COG_30_N61_00_W080_00_DEM,1,11,0,3,15
geography/geodata/elevation/usa/Copernicus_DSM_COG_30_N61_00_W081_00_DEM,1,11,0,3,15
geography/geodata/elevation/usa/Copernicus_DSM_COG_30_N61_00_W082_00_DEM,1,11,0,3,15
geography/geodata/elevation/usa/Copernicus_DSM_COG_30_N61_00_W093_00_DEM,1,11,0,3,15
geography/geodata/elevation/usa/Copernicus_DSM_COG_30_N61_00_W094_00_DEM,1,11,0,3,15
geography/geodata/elevation/usa/Copernicus_DSM_COG_30_N61_00_W095_00_DEM,1,11,0,3,15
geography/geodata/elevation/usa/Copernicus_DSM_COG_30_N61_00_W096_00_DEM,1,11,0,3,15
geography/geodata/elevation/usa/Copernicus_DSM_COG_30_N61_00_W097_00_DEM,1,11,0,3,15
geography/geodata/elevation/usa/Copernicus_DSM_COG_30_N61_00_W098_00_DEM,1,11,0,3,15
geography/geodata/elevation/usa/Copernicus_DSM_COG_30_N61_00_W099_00_DEM,1,11,0,3,15
geography/geodata/elevation/usa/Copernicus_DSM_COG_30_N61_00_W100_00_DEM,1,11,0,3,15
geography/geodata/elevation/usa/Copernicus_DSM_COG_30_N61_00_W101_00_DEM,1,11,0,3,15
geography/geodata/elevation/usa/Copernicus_DSM_COG_30_N61_00_W102_00_DEM,1,11,0,3,15
geography/geodata/elevation/usa/Copernicus_DSM_COG_30_N61_00_W103_00_DEM,1,11,0,3,15
geography/geodata/elevation/usa/Copernicus_DSM_COG_30_N61_00_W104_00_DEM,1,11,0,3,15
geography/geodata/elevation/usa/Copernicus_DSM_COG_30_N61_00_W105_00_DEM,1,11,0,3,15
geography/geodata/elevation/usa/Copernicus_DSM_COG_30_N61_00_W106_00_DEM,1,11,0,3,15
geography/geodata/elevation/usa/Copernicus_DSM_COG_30_N61_00_W107_00_DEM,1,11,0,3,15
geography/geodata/elevation/usa/Copernicus_DSM_COG_30_N61_00_W108_00_DEM,1,11,0,3,15
geography/geodata/elevation/usa/Copernicus_DSM_COG_30_N61_00_W109_00_DEM,1,11,0,3,15
geography/geodata/elevation/usa/Copernicus_DSM_COG_30_N61_00_W110_00_DEM,1,11,0,3,15
geography/geodata/elevation/usa/Copernicus_DSM_COG_30_N61_00_W111_00_DEM,1,11,0,3,15
geography/geodata/elevation/usa/Copernicus_DSM_COG_30_N61_00_W112_00_DEM,1,11,0,3,15
geography/geodata/elevation/usa/Copernicus_DSM_COG_30_N61_00_W113_00_DEM,1,11,0,3,15
geography/geodata/elevation/usa/Copernicus_DSM_COG_30_N61_00_W114_00_DEM,1,11,0,3,15
geography/geodata/elevation/usa/Copernicus_DSM_COG_30_N61_00_W115_00_DEM,1,11,0,3,15
geography/geodata/elevation/usa/Copernicus_DSM_COG_30_N61_00_W116_00_DEM,1,11,0,3,15
geography/geodata/elevation/usa/Copernicus_DSM_COG_30_N61_00_W117_00_DEM,1,11,0,3,15
geography/geodata/elevation/usa/Copernicus_DSM_COG_30_N61_00_W118_00_DEM,1,11,0,3,15
geography/geodata/elevation/usa/Copernicus_DSM_COG_30_N61_00_W119_00_DEM,1,11,0,3,15
geography/geodata/elevation/usa/Copernicus_DSM_COG_30_N61_00_W120_00_DEM,1,11,0,3,15
geography/geodata/elevation/usa/Copernicus_DSM_COG_30_N61_00_W121_00_DEM,1,11,0,3,15
geography/geodata/elevation/usa/Copernicus_DSM_COG_30_N61_00_W122_00_DEM,1,11,0,3,15
geography/geodata/elevation/usa/Copernicus_DSM_COG_30_N61_00_W123_00_DEM,1,11,0,3,15
geography/geodata/elevation/usa/Copernicus_DSM_COG_30_N61_00_W124_00_DEM,1,11,0,3,15
geography/geodata/elevation/usa/Copernicus_DSM_COG_30_N61_00_W125_00_DEM,1,11,0,3,15
geography/geodata/elevation/usa/Copernicus_DSM_COG_30_N61_00_W126_00_DEM,1,11,0,3,15
geography/geodata/elevation/usa/Copernicus_DSM_COG_30_N61_00_W127_00_DEM,1,11,0,3,15
geography/geodata/elevation/usa/Copernicus_DSM_COG_30_N61_00_W128_00_DEM,1,11,0,3,15
geography/geodata/elevation/usa/Copernicus_DSM_COG_30_N61_00_W129_00_DEM,1,11,0,3,15
geography/geodata/elevation/usa/Copernicus_DSM_COG_30_N61_00_W130_00_DEM,1,11,0,3,15
geography/geodata/elevation/usa/Copernicus_DSM_COG_30_N61_00_W131_00_DEM,1,11,0,3,15
geography/geodata/elevation/usa/Copernicus_DSM_COG_30_N61_00_W132_00_DEM,1,11,0,3,15
geography/geodata/elevation/usa/Copernicus_DSM_COG_30_N61_00_W133_00_DEM,1,11,0,3,15
geography/geodata/elevation/usa/Copernicus_DSM_COG_30_N61_00_W134_00_DEM,1,11,0,3,15
geography/geodata/elevation/usa/Copernicus_DSM_COG_30_N61_00_W135_00_DEM,1,11,0,3,15
geography/geodata/elevation/usa/Copernicus_DSM_COG_30_N61_00_W136_00_DEM,1,11,0,3,15
geography/geodata/elevation/usa/Copernicus_DSM_COG_30_N61_00_W137_00_DEM,1,11,0,3,15
geography/geodata/elevation/usa/Copernicus_DSM_COG_30_N61_00_W138_00_DEM,1,11,0,3,15
geography/geodata/elevation/usa/Copernicus_DSM_COG_30_N61_00_W139_00_DEM,1,11,0,3,15
geography/geodata/elevation/usa/Copernicus_DSM_COG_30_N61_00_W140_00_DEM,1,11,0,3,15
geography/geodata/elevation/usa/Copernicus_DSM_COG_30_N61_00_W141_00_DEM,1,11,0,3,15
geography/geodata/elevation/usa/Copernicus_DSM_COG_30_N61_00_W142_00_DEM,1,11,0,3,15
geography/geodata/elevation/usa/Copernicus_DSM_COG_30_N61_00_W143_00_DEM,1,11,0,3,15
geography/geodata/elevation/usa/Copernicus_DSM_COG_30_N61_00_W144_00_DEM,1,11,0,3,15
geography/geodata/elevation/usa/Copernicus_DSM_COG_30_N61_00_W145_00_DEM,1,11,0,3,15
geography/geodata/elevation/usa/Copernicus_DSM_COG_30_N61_00_W146_00_DEM,1,11,0,3,15
geography/geodata/elevation/usa/Copernicus_DSM_COG_30_N61_00_W147_00_DEM,1,11,0,3,15
geography/geodata/elevation/usa/Copernicus_DSM_COG_30_N61_00_W148_00_DEM,1,11,0,3,15
geography/geodata/elevation/usa/Copernicus_DSM_COG_30_N61_00_W149_00_DEM,1,11,0,3,15
geography/geodata/elevation/usa/Copernicus_DSM_COG_30_N61_00_W150_00_DEM,1,11,0,3,15
geography/geodata/elevation/usa/Copernicus_DSM_COG_30_N61_00_W151_00_DEM,1,11,0,3,15
geography/geodata/elevation/usa/Copernicus_DSM_COG_30_N61_00_W152_00_DEM,1,11,0,3,15
geography/geodata/elevation/usa/Copernicus_DSM_COG_30_N61_00_W153_00_DEM,1,11,0,3,15
geography/geodata/elevation/usa/Copernicus_DSM_COG_30_N61_00_W154_00_DEM,1,11,0,3,15
geography/geodata/elevation/usa/Copernicus_DSM_COG_30_N61_00_W155_00_DEM,1,11,0,3,15
geography/geodata/elevation/usa/Copernicus_DSM_COG_30_N61_00_W156_00_DEM,1,11,0,3,15
geography/geodata/elevation/usa/Copernicus_DSM_COG_30_N61_00_W157_00_DEM,1,11,0,3,15
geography/geodata/elevation/usa/Copernicus_DSM_COG_30_N61_00_W158_00_DEM,1,11,0,3,15
geography/geodata/elevation/usa/Copernicus_DSM_COG_30_N61_00_W159_00_DEM,1,11,0,3,15
geography/geodata/elevation/usa/Copernicus_DSM_COG_30_N61_00_W160_00_DEM,1,11,0,3,15
geography/geodata/elevation/usa/Copernicus_DSM_COG_30_N61_00_W161_00_DEM,1,11,0,3,15
geography/geodata/elevation/usa/Copernicus_DSM_COG_30_N61_00_W162_00_DEM,1,11,0,3,15
geography/geodata/elevation/usa/Copernicus_DSM_COG_30_N61_00_W163_00_DEM,1,11,0,3,15
geography/geodata/elevation/usa/Copernicus_DSM_COG_30_N61_00_W164_00_DEM,1,11,0,3,15
geography/geodata/elevation/usa/Copernicus_DSM_COG_30_N61_00_W165_00_DEM,1,11,0,3,15
geography/geodata/elevation/usa/Copernicus_DSM_COG_30_N61_00_W166_00_DEM,1,11,0,3,15
geography/geodata/elevation/usa/Copernicus_DSM_COG_30_N61_00_W167_00_DEM,1,11,0,3,15
geography/geodata/elevation/usa/Copernicus_DSM_COG_30_N61_00_W168_00_DEM,1,11,0,3,15
geography/geodata/elevation/usa/Copernicus_DSM_COG_30_N62_00_W063_00_DEM,1,11,0,3,15
geography/geodata/elevation/usa/Copernicus_DSM_COG_30_N62_00_W064_00_DEM,1,11,0,3,15
geography/geodata/elevation/usa/Copernicus_DSM_COG_30_N62_00_W065_00_DEM,1,11,0,3,15
geography/geodata/elevation/usa/Copernicus_DSM_COG_30_N62_00_W066_00_DEM,1,11,0,3,15
geography/geodata/elevation/usa/Copernicus_DSM_COG_30_N62_00_W067_00_DEM,1,11,0,3,15
geography/geodata/elevation/usa/Copernicus_DSM_COG_30_N62_00_W068_00_DEM,1,11,0,3,15
geography/geodata/elevation/usa/Copernicus_DSM_COG_30_N62_00_W069_00_DEM,1,11,0,3,15
geography/geodata/elevation/usa/Copernicus_DSM_COG_30_N62_00_W070_00_DEM,1,11,0,3,15
geography/geodata/elevation/usa/Copernicus_DSM_COG_30_N62_00_W071_00_DEM,1,11,0,3,15
geography/geodata/elevation/usa/Copernicus_DSM_COG_30_N62_00_W072_00_DEM,1,11,0,3,15
geography/geodata/elevation/usa/Copernicus_DSM_COG_30_N62_00_W073_00_DEM,1,11,0,3,15
geography/geodata/elevation/usa/Copernicus_DSM_COG_30_N62_00_W074_00_DEM,1,11,0,3,15
geography/geodata/elevation/usa/Copernicus_DSM_COG_30_N62_00_W075_00_DEM,1,11,0,3,15
geography/geodata/elevation/usa/Copernicus_DSM_COG_30_N62_00_W076_00_DEM,1,11,0,3,15
geography/geodata/elevation/usa/Copernicus_DSM_COG_30_N62_00_W077_00_DEM,1,11,0,3,15
geography/geodata/elevation/usa/Copernicus_DSM_COG_30_N62_00_W078_00_DEM,1,11,0,3,15
geography/geodata/elevation/usa/Copernicus_DSM_COG_30_N62_00_W079_00_DEM,1,11,0,3,15
geography/geodata/elevation/usa/Copernicus_DSM_COG_30_N62_00_W080_00_DEM,1,11,0,3,15
geography/geodata/elevation/usa/Copernicus_DSM_COG_30_N62_00_W081_00_DEM,1,11,0,3,15
geography/geodata/elevation/usa/Copernicus_DSM_COG_30_N62_00_W082_00_DEM,1,11,0,3,15
geography/geodata/elevation/usa/Copernicus_DSM_COG_30_N62_00_W083_00_DEM,1,11,0,3,15
geography/geodata/elevation/usa/Copernicus_DSM_COG_30_N62_00_W084_00_DEM,1,11,0,3,15
geography/geodata/elevation/usa/Copernicus_DSM_COG_30_N62_00_W091_00_DEM,1,11,0,3,15
geography/geodata/elevation/usa/Copernicus_DSM_COG_30_N62_00_W092_00_DEM,1,11,0,3,15
geography/geodata/elevation/usa/Copernicus_DSM_COG_30_N62_00_W093_00_DEM,1,11,0,3,15
geography/geodata/elevation/usa/Copernicus_DSM_COG_30_N62_00_W094_00_DEM,1,11,0,3,15
geography/geodata/elevation/usa/Copernicus_DSM_COG_30_N62_00_W095_00_DEM,1,11,0,3,15
geography/geodata/elevation/usa/Copernicus_DSM_COG_30_N62_00_W096_00_DEM,1,11,0,3,15
geography/geodata/elevation/usa/Copernicus_DSM_COG_30_N62_00_W097_00_DEM,1,11,0,3,15
geography/geodata/elevation/usa/Copernicus_DSM_COG_30_N62_00_W098_00_DEM,1,11,0,3,15
geography/geodata/elevation/usa/Copernicus_DSM_COG_30_N62_00_W099_00_DEM,1,11,0,3,15
geography/geodata/elevation/usa/Copernicus_DSM_COG_30_N62_00_W100_00_DEM,1,11,0,3,15
geography/geodata/elevation/usa/Copernicus_DSM_COG_30_N62_00_W101_00_DEM,1,11,0,3,15
geography/geodata/elevation/usa/Copernicus_DSM_COG_30_N62_00_W102_00_DEM,1,11,0,3,15
geography/geodata/elevation/usa/Copernicus_DSM_COG_30_N62_00_W103_00_DEM,1,11,0,3,15
geography/geodata/elevation/usa/Copernicus_DSM_COG_30_N62_00_W104_00_DEM,1,11,0,3,15
geography/geodata/elevation/usa/Copernicus_DSM_COG_30_N62_00_W105_00_DEM,1,11,0,3,15
geography/geodata/elevation/usa/Copernicus_DSM_COG_30_N62_00_W106_00_DEM,1,11,0,3,15
geography/geodata/elevation/usa/Copernicus_DSM_COG_30_N62_00_W107_00_DEM,1,11,0,3,15
geography/geodata/elevation/usa/Copernicus_DSM_COG_30_N62_00_W108_00_DEM,1,11,0,3,15
geography/geodata/elevation/usa/Copernicus_DSM_COG_30_N62_00_W109_00_DEM,1,11,0,3,15
geography/geodata/elevation/usa/Copernicus_DSM_COG_30_N62_00_W110_00_DEM,1,11,0,3,15
geography/geodata/elevation/usa/Copernicus_DSM_COG_30_N62_00_W111_00_DEM,1,11,0,3,15
geography/geodata/elevation/usa/Copernicus_DSM_COG_30_N62_00_W112_00_DEM,1,11,0,3,15
geography/geodata/elevation/usa/Copernicus_DSM_COG_30_N62_00_W113_00_DEM,1,11,0,3,15
geography/geodata/elevation/usa/Copernicus_DSM_COG_30_N62_00_W114_00_DEM,1,11,0,3,15
geography/geodata/elevation/usa/Copernicus_DSM_COG_30_N62_00_W115_00_DEM,1,11,0,3,15
geography/geodata/elevation/usa/Copernicus_DSM_COG_30_N62_00_W116_00_DEM,1,11,0,3,15
geography/geodata/elevation/usa/Copernicus_DSM_COG_30_N62_00_W117_00_DEM,1,11,0,3,15
geography/geodata/elevation/usa/Copernicus_DSM_COG_30_N62_00_W118_00_DEM,1,11,0,3,15
geography/geodata/elevation/usa/Copernicus_DSM_COG_30_N62_00_W119_00_DEM,1,11,0,3,15
geography/geodata/elevation/usa/Copernicus_DSM_COG_30_N62_00_W120_00_DEM,1,11,0,3,15
geography/geodata/elevation/usa/Copernicus_DSM_COG_30_N62_00_W121_00_DEM,1,11,0,3,15
geography/geodata/elevation/usa/Copernicus_DSM_COG_30_N62_00_W122_00_DEM,1,11,0,3,15
geography/geodata/elevation/usa/Copernicus_DSM_COG_30_N62_00_W123_00_DEM,1,11,0,3,15
geography/geodata/elevation/usa/Copernicus_DSM_COG_30_N62_00_W124_00_DEM,1,11,0,3,15
geography/geodata/elevation/usa/Copernicus_DSM_COG_30_N62_00_W125_00_DEM,1,11,0,3,15
geography/geodata/elevation/usa/Copernicus_DSM_COG_30_N62_00_W126_00_DEM,1,11,0,3,15
geography/geodata/elevation/usa/Copernicus_DSM_COG_30_N62_00_W127_00_DEM,1,11,0,3,15
geography/geodata/elevation/usa/Copernicus_DSM_COG_30_N62_00_W128_00_DEM,1,11,0,3,15
geography/geodata/elevation/usa/Copernicus_DSM_COG_30_N62_00_W129_00_DEM,1,11,0,3,15
geography/geodata/elevation/usa/Copernicus_DSM_COG_30_N62_00_W130_00_DEM,1,11,0,3,15
geography/geodata/elevation/usa/Copernicus_DSM_COG_30_N62_00_W131_00_DEM,1,11,0,3,15
geography/geodata/elevation/usa/Copernicus_DSM_COG_30_N62_00_W132_00_DEM,1,11,0,3,15
geography/geodata/elevation/usa/Copernicus_DSM_COG_30_N62_00_W133_00_DEM,1,11,0,3,15
geography/geodata/elevation/usa/Copernicus_DSM_COG_30_N62_00_W134_00_DEM,1,11,0,3,15
geography/geodata/elevation/usa/Copernicus_DSM_COG_30_N62_00_W135_00_DEM,1,11,0,3,15
geography/geodata/elevation/usa/Copernicus_DSM_COG_30_N62_00_W136_00_DEM,1,11,0,3,15
geography/geodata/elevation/usa/Copernicus_DSM_COG_30_N62_00_W137_00_DEM,1,11,0,3,15
geography/geodata/elevation/usa/Copernicus_DSM_COG_30_N62_00_W138_00_DEM,1,11,0,3,15
geography/geodata/elevation/usa/Copernicus_DSM_COG_30_N62_00_W139_00_DEM,1,11,0,3,15
geography/geodata/elevation/usa/Copernicus_DSM_COG_30_N62_00_W140_00_DEM,1,11,0,3,15
geography/geodata/elevation/usa/Copernicus_DSM_COG_30_N62_00_W141_00_DEM,1,11,0,3,15
geography/geodata/elevation/usa/Copernicus_DSM_COG_30_N62_00_W142_00_DEM,1,11,0,3,15
geography/geodata/elevation/usa/Copernicus_DSM_COG_30_N62_00_W143_00_DEM,1,11,0,3,15
geography/geodata/elevation/usa/Copernicus_DSM_COG_30_N62_00_W144_00_DEM,1,11,0,3,15
geography/geodata/elevation/usa/Copernicus_DSM_COG_30_N62_00_W145_00_DEM,1,11,0,3,15
geography/geodata/elevation/usa/Copernicus_DSM_COG_30_N62_00_W146_00_DEM,1,11,0,3,15
geography/geodata/elevation/usa/Copernicus_DSM_COG_30_N62_00_W147_00_DEM,1,11,0,3,15
geography/geodata/elevation/usa/Copernicus_DSM_COG_30_N62_00_W148_00_DEM,1,11,0,3,15
geography/geodata/elevation/usa/Copernicus_DSM_COG_30_N62_00_W149_00_DEM,1,11,0,3,15
geography/geodata/elevation/usa/Copernicus_DSM_COG_30_N62_00_W150_00_DEM,1,11,0,3,15
geography/geodata/elevation/usa/Copernicus_DSM_COG_30_N62_00_W151_00_DEM,1,11,0,3,15
geography/geodata/elevation/usa/Copernicus_DSM_COG_30_N62_00_W152_00_DEM,1,11,0,3,15
geography/geodata/elevation/usa/Copernicus_DSM_COG_30_N62_00_W153_00_DEM,1,11,0,3,15
geography/geodata/elevation/usa/Copernicus_DSM_COG_30_N62_00_W154_00_DEM,1,11,0,3,15
geography/geodata/elevation/usa/Copernicus_DSM_COG_30_N62_00_W155_00_DEM,1,11,0,3,15
geography/geodata/elevation/usa/Copernicus_DSM_COG_30_N62_00_W156_00_DEM,1,11,0,3,15
geography/geodata/elevation/usa/Copernicus_DSM_COG_30_N62_00_W157_00_DEM,1,11,0,3,15
geography/geodata/elevation/usa/Copernicus_DSM_COG_30_N62_00_W158_00_DEM,1,11,0,3,15
geography/geodata/elevation/usa/Copernicus_DSM_COG_30_N62_00_W159_00_DEM,1,11,0,3,15
geography/geodata/elevation/usa/Copernicus_DSM_COG_30_N62_00_W160_00_DEM,1,11,0,3,15
geography/geodata/elevation/usa/Copernicus_DSM_COG_30_N62_00_W161_00_DEM,1,11,0,3,15
geography/geodata/elevation/usa/Copernicus_DSM_COG_30_N62_00_W162_00_DEM,1,11,0,3,15
geography/geodata/elevation/usa/Copernicus_DSM_COG_30_N62_00_W163_00_DEM,1,11,0,3,15
geography/geodata/elevation/usa/Copernicus_DSM_COG_30_N62_00_W164_00_DEM,1,11,0,3,15
geography/geodata/elevation/usa/Copernicus_DSM_COG_30_N62_00_W165_00_DEM,1,11,0,3,15
geography/geodata/elevation/usa/Copernicus_DSM_COG_30_N62_00_W166_00_DEM,1,11,0,3,15
geography/geodata/elevation/usa/Copernicus_DSM_COG_30_N62_00_W169_00_DEM,1,11,0,3,15
geography/geodata/elevation/usa/Copernicus_DSM_COG_30_N62_00_W170_00_DEM,1,11,0,3,15
geography/geodata/elevation/usa/Copernicus_DSM_COG_30_N63_00_W063_00_DEM,1,11,0,3,15
geography/geodata/elevation/usa/Copernicus_DSM_COG_30_N63_00_W064_00_DEM,1,11,0,3,15
geography/geodata/elevation/usa/Copernicus_DSM_COG_30_N63_00_W065_00_DEM,1,11,0,3,15
geography/geodata/elevation/usa/Copernicus_DSM_COG_30_N63_00_W066_00_DEM,1,11,0,3,15
geography/geodata/elevation/usa/Copernicus_DSM_COG_30_N63_00_W067_00_DEM,1,11,0,3,15
geography/geodata/elevation/usa/Copernicus_DSM_COG_30_N63_00_W068_00_DEM,1,11,0,3,15
geography/geodata/elevation/usa/Copernicus_DSM_COG_30_N63_00_W069_00_DEM,1,11,0,3,15
geography/geodata/elevation/usa/Copernicus_DSM_COG_30_N63_00_W070_00_DEM,1,11,0,3,15
geography/geodata/elevation/usa/Copernicus_DSM_COG_30_N63_00_W071_00_DEM,1,11,0,3,15
geography/geodata/elevation/usa/Copernicus_DSM_COG_30_N63_00_W072_00_DEM,1,11,0,3,15
geography/geodata/elevation/usa/Copernicus_DSM_COG_30_N63_00_W073_00_DEM,1,11,0,3,15
geography/geodata/elevation/usa/Copernicus_DSM_COG_30_N63_00_W074_00_DEM,1,11,0,3,15
geography/geodata/elevation/usa/Copernicus_DSM_COG_30_N63_00_W077_00_DEM,1,11,0,3,15
geography/geodata/elevation/usa/Copernicus_DSM_COG_30_N63_00_W078_00_DEM,1,11,0,3,15
geography/geodata/elevation/usa/Copernicus_DSM_COG_30_N63_00_W079_00_DEM,1,11,0,3,15
geography/geodata/elevation/usa/Copernicus_DSM_COG_30_N63_00_W080_00_DEM,1,11,0,3,15
geography/geodata/elevation/usa/Copernicus_DSM_COG_30_N63_00_W081_00_DEM,1,11,0,3,15
geography/geodata/elevation/usa/Copernicus_DSM_COG_30_N63_00_W082_00_DEM,1,11,0,3,15
geography/geodata/elevation/usa/Copernicus_DSM_COG_30_N63_00_W083_00_DEM,1,11,0,3,15
geography/geodata/elevation/usa/Copernicus_DSM_COG_30_N63_00_W084_00_DEM,1,11,0,3,15
geography/geodata/elevation/usa/Copernicus_DSM_COG_30_N63_00_W085_00_DEM,1,11,0,3,15
geography/geodata/elevation/usa/Copernicus_DSM_COG_30_N63_00_W086_00_DEM,1,11,0,3,15
geography/geodata/elevation/usa/Copernicus_DSM_COG_30_N63_00_W087_00_DEM,1,11,0,3,15
geography/geodata/elevation/usa/Copernicus_DSM_COG_30_N63_00_W088_00_DEM,1,11,0,3,15
geography/geodata/elevation/usa/Copernicus_DSM_COG_30_N63_00_W089_00_DEM,1,11,0,3,15
geography/geodata/elevation/usa/Copernicus_DSM_COG_30_N63_00_W090_00_DEM,1,11,0,3,15
geography/geodata/elevation/usa/Copernicus_DSM_COG_30_N63_00_W091_00_DEM,1,11,0,3,15
geography/geodata/elevation/usa/Copernicus_DSM_COG_30_N63_00_W092_00_DEM,1,11,0,3,15
geography/geodata/elevation/usa/Copernicus_DSM_COG_30_N63_00_W093_00_DEM,1,11,0,3,15
geography/geodata/elevation/usa/Copernicus_DSM_COG_30_N63_00_W094_00_DEM,1,11,0,3,15
geography/geodata/elevation/usa/Copernicus_DSM_COG_30_N63_00_W095_00_DEM,1,11,0,3,15
geography/geodata/elevation/usa/Copernicus_DSM_COG_30_N63_00_W096_00_DEM,1,11,0,3,15
geography/geodata/elevation/usa/Copernicus_DSM_COG_30_N63_00_W097_00_DEM,1,11,0,3,15
geography/geodata/elevation/usa/Copernicus_DSM_COG_30_N63_00_W098_00_DEM,1,11,0,3,15
geography/geodata/elevation/usa/Copernicus_DSM_COG_30_N63_00_W099_00_DEM,1,11,0,3,15
geography/geodata/elevation/usa/Copernicus_DSM_COG_30_N63_00_W100_00_DEM,1,11,0,3,15
geography/geodata/elevation/usa/Copernicus_DSM_COG_30_N63_00_W101_00_DEM,1,11,0,3,15
geography/geodata/elevation/usa/Copernicus_DSM_COG_30_N63_00_W102_00_DEM,1,11,0,3,15
geography/geodata/elevation/usa/Copernicus_DSM_COG_30_N63_00_W103_00_DEM,1,11,0,3,15
geography/geodata/elevation/usa/Copernicus_DSM_COG_30_N63_00_W104_00_DEM,1,11,0,3,15
geography/geodata/elevation/usa/Copernicus_DSM_COG_30_N63_00_W105_00_DEM,1,11,0,3,15
geography/geodata/elevation/usa/Copernicus_DSM_COG_30_N63_00_W106_00_DEM,1,11,0,3,15
geography/geodata/elevation/usa/Copernicus_DSM_COG_30_N63_00_W107_00_DEM,1,11,0,3,15
geography/geodata/elevation/usa/Copernicus_DSM_COG_30_N63_00_W108_00_DEM,1,11,0,3,15
geography/geodata/elevation/usa/Copernicus_DSM_COG_30_N63_00_W109_00_DEM,1,11,0,3,15
geography/geodata/elevation/usa/Copernicus_DSM_COG_30_N63_00_W110_00_DEM,1,11,0,3,15
geography/geodata/elevation/usa/Copernicus_DSM_COG_30_N63_00_W111_00_DEM,1,11,0,3,15
geography/geodata/elevation/usa/Copernicus_DSM_COG_30_N63_00_W112_00_DEM,1,11,0,3,15
geography/geodata/elevation/usa/Copernicus_DSM_COG_30_N63_00_W113_00_DEM,1,11,0,3,15
geography/geodata/elevation/usa/Copernicus_DSM_COG_30_N63_00_W114_00_DEM,1,11,0,3,15
geography/geodata/elevation/usa/Copernicus_DSM_COG_30_N63_00_W115_00_DEM,1,11,0,3,15
geography/geodata/elevation/usa/Copernicus_DSM_COG_30_N63_00_W116_00_DEM,1,11,0,3,15
geography/geodata/elevation/usa/Copernicus_DSM_COG_30_N63_00_W117_00_DEM,1,11,0,3,15
geography/geodata/elevation/usa/Copernicus_DSM_COG_30_N63_00_W118_00_DEM,1,11,0,3,15
geography/geodata/elevation/usa/Copernicus_DSM_COG_30_N63_00_W119_00_DEM,1,11,0,3,15
geography/geodata/elevation/usa/Copernicus_DSM_COG_30_N63_00_W120_00_DEM,1,11,0,3,15
geography/geodata/elevation/usa/Copernicus_DSM_COG_30_N63_00_W121_00_DEM,1,11,0,3,15
geography/geodata/elevation/usa/Copernicus_DSM_COG_30_N63_00_W122_00_DEM,1,11,0,3,15
geography/geodata/elevation/usa/Copernicus_DSM_COG_30_N63_00_W123_00_DEM,1,11,0,3,15
geography/geodata/elevation/usa/Copernicus_DSM_COG_30_N63_00_W124_00_DEM,1,11,0,3,15
geography/geodata/elevation/usa/Copernicus_DSM_COG_30_N63_00_W125_00_DEM,1,11,0,3,15
geography/geodata/elevation/usa/Copernicus_DSM_COG_30_N63_00_W126_00_DEM,1,11,0,3,15
geography/geodata/elevation/usa/Copernicus_DSM_COG_30_N63_00_W127_00_DEM,1,11,0,3,15
geography/geodata/elevation/usa/Copernicus_DSM_COG_30_N63_00_W128_00_DEM,1,11,0,3,15
geography/geodata/elevation/usa/Copernicus_DSM_COG_30_N63_00_W129_00_DEM,1,11,0,3,15
geography/geodata/elevation/usa/Copernicus_DSM_COG_30_N63_00_W130_00_DEM,1,11,0,3,15
geography/geodata/elevation/usa/Copernicus_DSM_COG_30_N63_00_W131_00_DEM,1,11,0,3,15
geography/geodata/elevation/usa/Copernicus_DSM_COG_30_N63_00_W132_00_DEM,1,11,0,3,15
geography/geodata/elevation/usa/Copernicus_DSM_COG_30_N63_00_W133_00_DEM,1,11,0,3,15
geography/geodata/elevation/usa/Copernicus_DSM_COG_30_N63_00_W134_00_DEM,1,11,0,3,15
geography/geodata/elevation/usa/Copernicus_DSM_COG_30_N63_00_W135_00_DEM,1,11,0,3,15
geography/geodata/elevation/usa/Copernicus_DSM_COG_30_N63_00_W136_00_DEM,1,11,0,3,15
geography/geodata/elevation/usa/Copernicus_DSM_COG_30_N63_00_W137_00_DEM,1,11,0,3,15
geography/geodata/elevation/usa/Copernicus_DSM_COG_30_N63_00_W138_00_DEM,1,11,0,3,15
geography/geodata/elevation/usa/Copernicus_DSM_COG_30_N63_00_W139_00_DEM,1,11,0,3,15
geography/geodata/elevation/usa/Copernicus_DSM_COG_30_N63_00_W140_00_DEM,1,11,0,3,15
geography/geodata/elevation/usa/Copernicus_DSM_COG_30_N63_00_W141_00_DEM,1,11,0,3,15
geography/geodata/elevation/usa/Copernicus_DSM_COG_30_N63_00_W142_00_DEM,1,11,0,3,15
geography/geodata/elevation/usa/Copernicus_DSM_COG_30_N63_00_W143_00_DEM,1,11,0,3,15
geography/geodata/elevation/usa/Copernicus_DSM_COG_30_N63_00_W144_00_DEM,1,11,0,3,15
geography/geodata/elevation/usa/Copernicus_DSM_COG_30_N63_00_W145_00_DEM,1,11,0,3,15
geography/geodata/elevation/usa/Copernicus_DSM_COG_30_N63_00_W146_00_DEM,1,11,0,3,15
geography/geodata/elevation/usa/Copernicus_DSM_COG_30_N63_00_W147_00_DEM,1,11,0,3,15
geography/geodata/elevation/usa/Copernicus_DSM_COG_30_N63_00_W148_00_DEM,1,11,0,3,15
geography/geodata/elevation/usa/Copernicus_DSM_COG_30_N63_00_W149_00_DEM,1,11,0,3,15
geography/geodata/elevation/usa/Copernicus_DSM_COG_30_N63_00_W150_00_DEM,1,11,0,3,15
geography/geodata/elevation/usa/Copernicus_DSM_COG_30_N63_00_W151_00_DEM,1,11,0,3,15
geography/geodata/elevation/usa/Copernicus_DSM_COG_30_N63_00_W152_00_DEM,1,11,0,3,15
geography/geodata/elevation/usa/Copernicus_DSM_COG_30_N63_00_W153_00_DEM,1,11,0,3,15
geography/geodata/elevation/usa/Copernicus_DSM_COG_30_N63_00_W154_00_DEM,1,11,0,3,15
geography/geodata/elevation/usa/Copernicus_DSM_COG_30_N63_00_W155_00_DEM,1,11,0,3,15
geography/geodata/elevation/usa/Copernicus_DSM_COG_30_N63_00_W156_00_DEM,1,11,0,3,15
geography/geodata/elevation/usa/Copernicus_DSM_COG_30_N63_00_W157_00_DEM,1,11,0,3,15
geography/geodata/elevation/usa/Copernicus_DSM_COG_30_N63_00_W158_00_DEM,1,11,0,3,15
geography/geodata/elevation/usa/Copernicus_DSM_COG_30_N63_00_W159_00_DEM,1,11,0,3,15
geography/geodata/elevation/usa/Copernicus_DSM_COG_30_N63_00_W160_00_DEM,1,11,0,3,15
geography/geodata/elevation/usa/Copernicus_DSM_COG_30_N63_00_W161_00_DEM,1,11,0,3,15
geography/geodata/elevation/usa/Copernicus_DSM_COG_30_N63_00_W162_00_DEM,1,11,0,3,15
geography/geodata/elevation/usa/Copernicus_DSM_COG_30_N63_00_W163_00_DEM,1,11,0,3,15
geography/geodata/elevation/usa/Copernicus_DSM_COG_30_N63_00_W164_00_DEM,1,11,0,3,15
geography/geodata/elevation/usa/Copernicus_DSM_COG_30_N63_00_W165_00_DEM,1,11,0,3,15
geography/geodata/elevation/usa/Copernicus_DSM_COG_30_N63_00_W166_00_DEM,1,11,0,3,15
geography/geodata/elevation/usa/Copernicus_DSM_COG_30_N63_00_W169_00_DEM,1,11,0,3,15
geography/geodata/elevation/usa/Copernicus_DSM_COG_30_N63_00_W170_00_DEM,1,11,0,3,15
geography/geodata/elevation/usa/Copernicus_DSM_COG_30_N63_00_W171_00_DEM,1,11,0,3,15
geography/geodata/elevation/usa/Copernicus_DSM_COG_30_N63_00_W172_00_DEM,1,11,0,3,15
geography/geodata/elevation/usa/Copernicus_DSM_COG_30_N64_00_W063_00_DEM,1,11,0,3,15
geography/geodata/elevation/usa/Copernicus_DSM_COG_30_N64_00_W064_00_DEM,1,11,0,3,15
geography/geodata/elevation/usa/Copernicus_DSM_COG_30_N64_00_W065_00_DEM,1,11,0,3,15
geography/geodata/elevation/usa/Copernicus_DSM_COG_30_N64_00_W066_00_DEM,1,11,0,3,15
geography/geodata/elevation/usa/Copernicus_DSM_COG_30_N64_00_W067_00_DEM,1,11,0,3,15
geography/geodata/elevation/usa/Copernicus_DSM_COG_30_N64_00_W068_00_DEM,1,11,0,3,15
geography/geodata/elevation/usa/Copernicus_DSM_COG_30_N64_00_W069_00_DEM,1,11,0,3,15
geography/geodata/elevation/usa/Copernicus_DSM_COG_30_N64_00_W070_00_DEM,1,11,0,3,15
geography/geodata/elevation/usa/Copernicus_DSM_COG_30_N64_00_W071_00_DEM,1,11,0,3,15
geography/geodata/elevation/usa/Copernicus_DSM_COG_30_N64_00_W072_00_DEM,1,11,0,3,15
geography/geodata/elevation/usa/Copernicus_DSM_COG_30_N64_00_W073_00_DEM,1,11,0,3,15
geography/geodata/elevation/usa/Copernicus_DSM_COG_30_N64_00_W074_00_DEM,1,11,0,3,15
geography/geodata/elevation/usa/Copernicus_DSM_COG_30_N64_00_W075_00_DEM,1,11,0,3,15
geography/geodata/elevation/usa/Copernicus_DSM_COG_30_N64_00_W076_00_DEM,1,11,0,3,15
geography/geodata/elevation/usa/Copernicus_DSM_COG_30_N64_00_W077_00_DEM,1,11,0,3,15
geography/geodata/elevation/usa/Copernicus_DSM_COG_30_N64_00_W078_00_DEM,1,11,0,3,15
geography/geodata/elevation/usa/Copernicus_DSM_COG_30_N64_00_W079_00_DEM,1,11,0,3,15
geography/geodata/elevation/usa/Copernicus_DSM_COG_30_N64_00_W080_00_DEM,1,11,0,3,15
geography/geodata/elevation/usa/Copernicus_DSM_COG_30_N64_00_W081_00_DEM,1,11,0,3,15
geography/geodata/elevation/usa/Copernicus_DSM_COG_30_N64_00_W082_00_DEM,1,11,0,3,15
geography/geodata/elevation/usa/Copernicus_DSM_COG_30_N64_00_W083_00_DEM,1,11,0,3,15
geography/geodata/elevation/usa/Copernicus_DSM_COG_30_N64_00_W084_00_DEM,1,11,0,3,15
geography/geodata/elevation/usa/Copernicus_DSM_COG_30_N64_00_W085_00_DEM,1,11,0,3,15
geography/geodata/elevation/usa/Copernicus_DSM_COG_30_N64_00_W086_00_DEM,1,11,0,3,15
geography/geodata/elevation/usa/Copernicus_DSM_COG_30_N64_00_W087_00_DEM,1,11,0,3,15
geography/geodata/elevation/usa/Copernicus_DSM_COG_30_N64_00_W088_00_DEM,1,11,0,3,15
geography/geodata/elevation/usa/Copernicus_DSM_COG_30_N64_00_W089_00_DEM,1,11,0,3,15
geography/geodata/elevation/usa/Copernicus_DSM_COG_30_N64_00_W090_00_DEM,1,11,0,3,15
geography/geodata/elevation/usa/Copernicus_DSM_COG_30_N64_00_W091_00_DEM,1,11,0,3,15
geography/geodata/elevation/usa/Copernicus_DSM_COG_30_N64_00_W092_00_DEM,1,11,0,3,15
geography/geodata/elevation/usa/Copernicus_DSM_COG_30_N64_00_W093_00_DEM,1,11,0,3,15
geography/geodata/elevation/usa/Copernicus_DSM_COG_30_N64_00_W094_00_DEM,1,11,0,3,15
geography/geodata/elevation/usa/Copernicus_DSM_COG_30_N64_00_W095_00_DEM,1,11,0,3,15
geography/geodata/elevation/usa/Copernicus_DSM_COG_30_N64_00_W096_00_DEM,1,11,0,3,15
geography/geodata/elevation/usa/Copernicus_DSM_COG_30_N64_00_W097_00_DEM,1,11,0,3,15
geography/geodata/elevation/usa/Copernicus_DSM_COG_30_N64_00_W098_00_DEM,1,11,0,3,15
geography/geodata/elevation/usa/Copernicus_DSM_COG_30_N64_00_W099_00_DEM,1,11,0,3,15
geography/geodata/elevation/usa/Copernicus_DSM_COG_30_N64_00_W100_00_DEM,1,11,0,3,15
geography/geodata/elevation/usa/Copernicus_DSM_COG_30_N64_00_W101_00_DEM,1,11,0,3,15
geography/geodata/elevation/usa/Copernicus_DSM_COG_30_N64_00_W102_00_DEM,1,11,0,3,15
geography/geodata/elevation/usa/Copernicus_DSM_COG_30_N64_00_W103_00_DEM,1,11,0,3,15
geography/geodata/elevation/usa/Copernicus_DSM_COG_30_N64_00_W104_00_DEM,1,11,0,3,15
geography/geodata/elevation/usa/Copernicus_DSM_COG_30_N64_00_W105_00_DEM,1,11,0,3,15
geography/geodata/elevation/usa/Copernicus_DSM_COG_30_N64_00_W106_00_DEM,1,11,0,3,15
geography/geodata/elevation/usa/Copernicus_DSM_COG_30_N64_00_W107_00_DEM,1,11,0,3,15
geography/geodata/elevation/usa/Copernicus_DSM_COG_30_N64_00_W108_00_DEM,1,11,0,3,15
geography/geodata/elevation/usa/Copernicus_DSM_COG_30_N64_00_W109_00_DEM,1,11,0,3,15
geography/geodata/elevation/usa/Copernicus_DSM_COG_30_N64_00_W110_00_DEM,1,11,0,3,15
geography/geodata/elevation/usa/Copernicus_DSM_COG_30_N64_00_W111_00_DEM,1,11,0,3,15
geography/geodata/elevation/usa/Copernicus_DSM_COG_30_N64_00_W112_00_DEM,1,11,0,3,15
geography/geodata/elevation/usa/Copernicus_DSM_COG_30_N64_00_W113_00_DEM,1,11,0,3,15
geography/geodata/elevation/usa/Copernicus_DSM_COG_30_N64_00_W114_00_DEM,1,11,0,3,15
geography/geodata/elevation/usa/Copernicus_DSM_COG_30_N64_00_W115_00_DEM,1,11,0,3,15
geography/geodata/elevation/usa/Copernicus_DSM_COG_30_N64_00_W116_00_DEM,1,11,0,3,15
geography/geodata/elevation/usa/Copernicus_DSM_COG_30_N64_00_W117_00_DEM,1,11,0,3,15
geography/geodata/elevation/usa/Copernicus_DSM_COG_30_N64_00_W118_00_DEM,1,11,0,3,15
geography/geodata/elevation/usa/Copernicus_DSM_COG_30_N64_00_W119_00_DEM,1,11,0,3,15
geography/geodata/elevation/usa/Copernicus_DSM_COG_30_N64_00_W120_00_DEM,1,11,0,3,15
geography/geodata/elevation/usa/Copernicus_DSM_COG_30_N64_00_W121_00_DEM,1,11,0,3,15
geography/geodata/elevation/usa/Copernicus_DSM_COG_30_N64_00_W122_00_DEM,1,11,0,3,15
geography/geodata/elevation/usa/Copernicus_DSM_COG_30_N64_00_W123_00_DEM,1,11,0,3,15
geography/geodata/elevation/usa/Copernicus_DSM_COG_30_N64_00_W124_00_DEM,1,11,0,3,15
geography/geodata/elevation/usa/Copernicus_DSM_COG_30_N64_00_W125_00_DEM,1,11,0,3,15
geography/geodata/elevation/usa/Copernicus_DSM_COG_30_N64_00_W126_00_DEM,1,11,0,3,15
geography/geodata/elevation/usa/Copernicus_DSM_COG_30_N64_00_W127_00_DEM,1,11,0,3,15
geography/geodata/elevation/usa/Copernicus_DSM_COG_30_N64_00_W128_00_DEM,1,11,0,3,15
geography/geodata/elevation/usa/Copernicus_DSM_COG_30_N64_00_W129_00_DEM,1,11,0,3,15
geography/geodata/elevation/usa/Copernicus_DSM_COG_30_N64_00_W130_00_DEM,1,11,0,3,15
geography/geodata/elevation/usa/Copernicus_DSM_COG_30_N64_00_W131_00_DEM,1,11,0,3,15
geography/geodata/elevation/usa/Copernicus_DSM_COG_30_N64_00_W132_00_DEM,1,11,0,3,15
geography/geodata/elevation/usa/Copernicus_DSM_COG_30_N64_00_W133_00_DEM,1,11,0,3,15
geography/geodata/elevation/usa/Copernicus_DSM_COG_30_N64_00_W134_00_DEM,1,11,0,3,15
geography/geodata/elevation/usa/Copernicus_DSM_COG_30_N64_00_W135_00_DEM,1,11,0,3,15
geography/geodata/elevation/usa/Copernicus_DSM_COG_30_N64_00_W136_00_DEM,1,11,0,3,15
geography/geodata/elevation/usa/Copernicus_DSM_COG_30_N64_00_W137_00_DEM,1,11,0,3,15
geography/geodata/elevation/usa/Copernicus_DSM_COG_30_N64_00_W138_00_DEM,1,11,0,3,15
geography/geodata/elevation/usa/Copernicus_DSM_COG_30_N64_00_W139_00_DEM,1,11,0,3,15
geography/geodata/elevation/usa/Copernicus_DSM_COG_30_N64_00_W140_00_DEM,1,11,0,3,15
geography/geodata/elevation/usa/Copernicus_DSM_COG_30_N64_00_W141_00_DEM,1,11,0,3,15
geography/geodata/elevation/usa/Copernicus_DSM_COG_30_N64_00_W142_00_DEM,1,11,0,3,15
geography/geodata/elevation/usa/Copernicus_DSM_COG_30_N64_00_W143_00_DEM,1,11,0,3,15
geography/geodata/elevation/usa/Copernicus_DSM_COG_30_N64_00_W144_00_DEM,1,11,0,3,15
geography/geodata/elevation/usa/Copernicus_DSM_COG_30_N64_00_W145_00_DEM,1,11,0,3,15
geography/geodata/elevation/usa/Copernicus_DSM_COG_30_N64_00_W146_00_DEM,1,11,0,3,15
geography/geodata/elevation/usa/Copernicus_DSM_COG_30_N64_00_W147_00_DEM,1,11,0,3,15
geography/geodata/elevation/usa/Copernicus_DSM_COG_30_N64_00_W148_00_DEM,1,11,0,3,15
geography/geodata/elevation/usa/Copernicus_DSM_COG_30_N64_00_W149_00_DEM,1,11,0,3,15
geography/geodata/elevation/usa/Copernicus_DSM_COG_30_N64_00_W150_00_DEM,1,11,0,3,15
geography/geodata/elevation/usa/Copernicus_DSM_COG_30_N64_00_W151_00_DEM,1,11,0,3,15
geography/geodata/elevation/usa/Copernicus_DSM_COG_30_N64_00_W152_00_DEM,1,11,0,3,15
geography/geodata/elevation/usa/Copernicus_DSM_COG_30_N64_00_W153_00_DEM,1,11,0,3,15
geography/geodata/elevation/usa/Copernicus_DSM_COG_30_N64_00_W154_00_DEM,1,11,0,3,15
geography/geodata/elevation/usa/Copernicus_DSM_COG_30_N64_00_W155_00_DEM,1,11,0,3,15
geography/geodata/elevation/usa/Copernicus_DSM_COG_30_N64_00_W156_00_DEM,1,11,0,3,15
geography/geodata/elevation/usa/Copernicus_DSM_COG_30_N64_00_W157_00_DEM,1,11,0,3,15
geography/geodata/elevation/usa/Copernicus_DSM_COG_30_N64_00_W158_00_DEM,1,11,0,3,15
geography/geodata/elevation/usa/Copernicus_DSM_COG_30_N64_00_W159_00_DEM,1,11,0,3,15
geography/geodata/elevation/usa/Copernicus_DSM_COG_30_N64_00_W160_00_DEM,1,11,0,3,15
geography/geodata/elevation/usa/Copernicus_DSM_COG_30_N64_00_W161_00_DEM,1,11,0,3,15
geography/geodata/elevation/usa/Copernicus_DSM_COG_30_N64_00_W162_00_DEM,1,11,0,3,15
geography/geodata/elevation/usa/Copernicus_DSM_COG_30_N64_00_W163_00_DEM,1,11,0,3,15
geography/geodata/elevation/usa/Copernicus_DSM_COG_30_N64_00_W164_00_DEM,1,11,0,3,15
geography/geodata/elevation/usa/Copernicus_DSM_COG_30_N64_00_W165_00_DEM,1,11,0,3,15
geography/geodata/elevation/usa/Copernicus_DSM_COG_30_N64_00_W166_00_DEM,1,11,0,3,15
geography/geodata/elevation/usa/Copernicus_DSM_COG_30_N64_00_W167_00_DEM,1,11,0,3,15
geography/geodata/elevation/usa/Copernicus_DSM_COG_30_N64_00_W168_00_DEM,1,11,0,3,15
geography/geodata/elevation/usa/Copernicus_DSM_COG_30_N64_00_W169_00_DEM,1,11,0,3,15
geography/geodata/elevation/usa/Copernicus_DSM_COG_30_N64_00_W170_00_DEM,1,11,0,3,15
geography/geodata/elevation/usa/Copernicus_DSM_COG_30_N64_00_W173_00_DEM,1,11,0,3,15
geography/geodata/elevation/usa/Copernicus_DSM_COG_30_N64_00_W174_00_DEM,1,11,0,3,15
geography/geodata/elevation/usa/Copernicus_DSM_COG_30_N64_00_W175_00_DEM,1,11,0,3,15
geography/geodata/elevation/usa/Copernicus_DSM_COG_30_N64_00_W176_00_DEM,1,11,0,3,15
geography/geodata/elevation/usa/Copernicus_DSM_COG_30_N65_00_W061_00_DEM,1,11,0,3,15
geography/geodata/elevation/usa/Copernicus_DSM_COG_30_N65_00_W062_00_DEM,1,11,0,3,15
geography/geodata/elevation/usa/Copernicus_DSM_COG_30_N65_00_W063_00_DEM,1,11,0,3,15
geography/geodata/elevation/usa/Copernicus_DSM_COG_30_N65_00_W064_00_DEM,1,11,0,3,15
geography/geodata/elevation/usa/Copernicus_DSM_COG_30_N65_00_W065_00_DEM,1,11,0,3,15
geography/geodata/elevation/usa/Copernicus_DSM_COG_30_N65_00_W066_00_DEM,1,11,0,3,15
geography/geodata/elevation/usa/Copernicus_DSM_COG_30_N65_00_W067_00_DEM,1,11,0,3,15
geography/geodata/elevation/usa/Copernicus_DSM_COG_30_N65_00_W068_00_DEM,1,11,0,3,15
geography/geodata/elevation/usa/Copernicus_DSM_COG_30_N65_00_W069_00_DEM,1,11,0,3,15
geography/geodata/elevation/usa/Copernicus_DSM_COG_30_N65_00_W070_00_DEM,1,11,0,3,15
geography/geodata/elevation/usa/Copernicus_DSM_COG_30_N65_00_W071_00_DEM,1,11,0,3,15
geography/geodata/elevation/usa/Copernicus_DSM_COG_30_N65_00_W072_00_DEM,1,11,0,3,15
geography/geodata/elevation/usa/Copernicus_DSM_COG_30_N65_00_W073_00_DEM,1,11,0,3,15
geography/geodata/elevation/usa/Copernicus_DSM_COG_30_N65_00_W074_00_DEM,1,11,0,3,15
geography/geodata/elevation/usa/Copernicus_DSM_COG_30_N65_00_W075_00_DEM,1,11,0,3,15
geography/geodata/elevation/usa/Copernicus_DSM_COG_30_N65_00_W076_00_DEM,1,11,0,3,15
geography/geodata/elevation/usa/Copernicus_DSM_COG_30_N65_00_W077_00_DEM,1,11,0,3,15
geography/geodata/elevation/usa/Copernicus_DSM_COG_30_N65_00_W078_00_DEM,1,11,0,3,15
geography/geodata/elevation/usa/Copernicus_DSM_COG_30_N65_00_W079_00_DEM,1,11,0,3,15
geography/geodata/elevation/usa/Copernicus_DSM_COG_30_N65_00_W080_00_DEM,1,11,0,3,15
geography/geodata/elevation/usa/Copernicus_DSM_COG_30_N65_00_W083_00_DEM,1,11,0,3,15
geography/geodata/elevation/usa/Copernicus_DSM_COG_30_N65_00_W084_00_DEM,1,11,0,3,15
geography/geodata/elevation/usa/Copernicus_DSM_COG_30_N65_00_W085_00_DEM,1,11,0,3,15
geography/geodata/elevation/usa/Copernicus_DSM_COG_30_N65_00_W086_00_DEM,1,11,0,3,15
geography/geodata/elevation/usa/Copernicus_DSM_COG_30_N65_00_W087_00_DEM,1,11,0,3,15
geography/geodata/elevation/usa/Copernicus_DSM_COG_30_N65_00_W088_00_DEM,1,11,0,3,15
geography/geodata/elevation/usa/Copernicus_DSM_COG_30_N65_00_W089_00_DEM,1,11,0,3,15
geography/geodata/elevation/usa/Copernicus_DSM_COG_30_N65_00_W090_00_DEM,1,11,0,3,15
geography/geodata/elevation/usa/Copernicus_DSM_COG_30_N65_00_W091_00_DEM,1,11,0,3,15
geography/geodata/elevation/usa/Copernicus_DSM_COG_30_N65_00_W092_00_DEM,1,11,0,3,15
geography/geodata/elevation/usa/Copernicus_DSM_COG_30_N65_00_W093_00_DEM,1,11,0,3,15
geography/geodata/elevation/usa/Copernicus_DSM_COG_30_N65_00_W094_00_DEM,1,11,0,3,15
geography/geodata/elevation/usa/Copernicus_DSM_COG_30_N65_00_W095_00_DEM,1,11,0,3,15
geography/geodata/elevation/usa/Copernicus_DSM_COG_30_N65_00_W096_00_DEM,1,11,0,3,15
geography/geodata/elevation/usa/Copernicus_DSM_COG_30_N65_00_W097_00_DEM,1,11,0,3,15
geography/geodata/elevation/usa/Copernicus_DSM_COG_30_N65_00_W098_00_DEM,1,11,0,3,15
geography/geodata/elevation/usa/Copernicus_DSM_COG_30_N65_00_W099_00_DEM,1,11,0,3,15
geography/geodata/elevation/usa/Copernicus_DSM_COG_30_N65_00_W100_00_DEM,1,11,0,3,15
geography/geodata/elevation/usa/Copernicus_DSM_COG_30_N65_00_W101_00_DEM,1,11,0,3,15
geography/geodata/elevation/usa/Copernicus_DSM_COG_30_N65_00_W102_00_DEM,1,11,0,3,15
geography/geodata/elevation/usa/Copernicus_DSM_COG_30_N65_00_W103_00_DEM,1,11,0,3,15
geography/geodata/elevation/usa/Copernicus_DSM_COG_30_N65_00_W104_00_DEM,1,11,0,3,15
geography/geodata/elevation/usa/Copernicus_DSM_COG_30_N65_00_W105_00_DEM,1,11,0,3,15
geography/geodata/elevation/usa/Copernicus_DSM_COG_30_N65_00_W106_00_DEM,1,11,0,3,15
geography/geodata/elevation/usa/Copernicus_DSM_COG_30_N65_00_W107_00_DEM,1,11,0,3,15
geography/geodata/elevation/usa/Copernicus_DSM_COG_30_N65_00_W108_00_DEM,1,11,0,3,15
geography/geodata/elevation/usa/Copernicus_DSM_COG_30_N65_00_W109_00_DEM,1,11,0,3,15
geography/geodata/elevation/usa/Copernicus_DSM_COG_30_N65_00_W110_00_DEM,1,11,0,3,15
geography/geodata/elevation/usa/Copernicus_DSM_COG_30_N65_00_W111_00_DEM,1,11,0,3,15
geography/geodata/elevation/usa/Copernicus_DSM_COG_30_N65_00_W112_00_DEM,1,11,0,3,15
geography/geodata/elevation/usa/Copernicus_DSM_COG_30_N65_00_W113_00_DEM,1,11,0,3,15
geography/geodata/elevation/usa/Copernicus_DSM_COG_30_N65_00_W114_00_DEM,1,11,0,3,15
geography/geodata/elevation/usa/Copernicus_DSM_COG_30_N65_00_W115_00_DEM,1,11,0,3,15
geography/geodata/elevation/usa/Copernicus_DSM_COG_30_N65_00_W116_00_DEM,1,11,0,3,15
geography/geodata/elevation/usa/Copernicus_DSM_COG_30_N65_00_W117_00_DEM,1,11,0,3,15
geography/geodata/elevation/usa/Copernicus_DSM_COG_30_N65_00_W118_00_DEM,1,11,0,3,15
geography/geodata/elevation/usa/Copernicus_DSM_COG_30_N65_00_W119_00_DEM,1,11,0,3,15
geography/geodata/elevation/usa/Copernicus_DSM_COG_30_N65_00_W120_00_DEM,1,11,0,3,15
geography/geodata/elevation/usa/Copernicus_DSM_COG_30_N65_00_W121_00_DEM,1,11,0,3,15
geography/geodata/elevation/usa/Copernicus_DSM_COG_30_N65_00_W122_00_DEM,1,11,0,3,15
geography/geodata/elevation/usa/Copernicus_DSM_COG_30_N65_00_W123_00_DEM,1,11,0,3,15
geography/geodata/elevation/usa/Copernicus_DSM_COG_30_N65_00_W124_00_DEM,1,11,0,3,15
geography/geodata/elevation/usa/Copernicus_DSM_COG_30_N65_00_W125_00_DEM,1,11,0,3,15
geography/geodata/elevation/usa/Copernicus_DSM_COG_30_N65_00_W126_00_DEM,1,11,0,3,15
geography/geodata/elevation/usa/Copernicus_DSM_COG_30_N65_00_W127_00_DEM,1,11,0,3,15
geography/geodata/elevation/usa/Copernicus_DSM_COG_30_N65_00_W128_00_DEM,1,11,0,3,15
geography/geodata/elevation/usa/Copernicus_DSM_COG_30_N65_00_W129_00_DEM,1,11,0,3,15
geography/geodata/elevation/usa/Copernicus_DSM_COG_30_N65_00_W130_00_DEM,1,11,0,3,15
geography/geodata/elevation/usa/Copernicus_DSM_COG_30_N65_00_W131_00_DEM,1,11,0,3,15
geography/geodata/elevation/usa/Copernicus_DSM_COG_30_N65_00_W132_00_DEM,1,11,0,3,15
geography/geodata/elevation/usa/Copernicus_DSM_COG_30_N65_00_W133_00_DEM,1,11,0,3,15
geography/geodata/elevation/usa/Copernicus_DSM_COG_30_N65_00_W134_00_DEM,1,11,0,3,15
geography/geodata/elevation/usa/Copernicus_DSM_COG_30_N65_00_W135_00_DEM,1,11,0,3,15
geography/geodata/elevation/usa/Copernicus_DSM_COG_30_N65_00_W136_00_DEM,1,11,0,3,15
geography/geodata/elevation/usa/Copernicus_DSM_COG_30_N65_00_W137_00_DEM,1,11,0,3,15
geography/geodata/elevation/usa/Copernicus_DSM_COG_30_N65_00_W138_00_DEM,1,11,0,3,15
geography/geodata/elevation/usa/Copernicus_DSM_COG_30_N65_00_W139_00_DEM,1,11,0,3,15
geography/geodata/elevation/usa/Copernicus_DSM_COG_30_N65_00_W140_00_DEM,1,11,0,3,15
geography/geodata/elevation/usa/Copernicus_DSM_COG_30_N65_00_W141_00_DEM,1,11,0,3,15
geography/geodata/elevation/usa/Copernicus_DSM_COG_30_N65_00_W142_00_DEM,1,11,0,3,15
geography/geodata/elevation/usa/Copernicus_DSM_COG_30_N65_00_W143_00_DEM,1,11,0,3,15
geography/geodata/elevation/usa/Copernicus_DSM_COG_30_N65_00_W144_00_DEM,1,11,0,3,15
geography/geodata/elevation/usa/Copernicus_DSM_COG_30_N65_00_W145_00_DEM,1,11,0,3,15
geography/geodata/elevation/usa/Copernicus_DSM_COG_30_N65_00_W146_00_DEM,1,11,0,3,15
geography/geodata/elevation/usa/Copernicus_DSM_COG_30_N65_00_W147_00_DEM,1,11,0,3,15
geography/geodata/elevation/usa/Copernicus_DSM_COG_30_N65_00_W148_00_DEM,1,11,0,3,15
geography/geodata/elevation/usa/Copernicus_DSM_COG_30_N65_00_W149_00_DEM,1,11,0,3,15
geography/geodata/elevation/usa/Copernicus_DSM_COG_30_N65_00_W150_00_DEM,1,11,0,3,15
geography/geodata/elevation/usa/Copernicus_DSM_COG_30_N65_00_W151_00_DEM,1,11,0,3,15
geography/geodata/elevation/usa/Copernicus_DSM_COG_30_N65_00_W152_00_DEM,1,11,0,3,15
geography/geodata/elevation/usa/Copernicus_DSM_COG_30_N65_00_W153_00_DEM,1,11,0,3,15
geography/geodata/elevation/usa/Copernicus_DSM_COG_30_N65_00_W154_00_DEM,1,11,0,3,15
geography/geodata/elevation/usa/Copernicus_DSM_COG_30_N65_00_W155_00_DEM,1,11,0,3,15
geography/geodata/elevation/usa/Copernicus_DSM_COG_30_N65_00_W156_00_DEM,1,11,0,3,15
geography/geodata/elevation/usa/Copernicus_DSM_COG_30_N65_00_W157_00_DEM,1,11,0,3,15
geography/geodata/elevation/usa/Copernicus_DSM_COG_30_N65_00_W158_00_DEM,1,11,0,3,15
geography/geodata/elevation/usa/Copernicus_DSM_COG_30_N65_00_W159_00_DEM,1,11,0,3,15
geography/geodata/elevation/usa/Copernicus_DSM_COG_30_N65_00_W160_00_DEM,1,11,0,3,15
geography/geodata/elevation/usa/Copernicus_DSM_COG_30_N65_00_W161_00_DEM,1,11,0,3,15
geography/geodata/elevation/usa/Copernicus_DSM_COG_30_N65_00_W162_00_DEM,1,11,0,3,15
geography/geodata/elevation/usa/Copernicus_DSM_COG_30_N65_00_W163_00_DEM,1,11,0,3,15
geography/geodata/elevation/usa/Copernicus_DSM_COG_30_N65_00_W164_00_DEM,1,11,0,3,15
geography/geodata/elevation/usa/Copernicus_DSM_COG_30_N65_00_W165_00_DEM,1,11,0,3,15
geography/geodata/elevation/usa/Copernicus_DSM_COG_30_N65_00_W166_00_DEM,1,11,0,3,15
geography/geodata/elevation/usa/Copernicus_DSM_COG_30_N65_00_W167_00_DEM,1,11,0,3,15
geography/geodata/elevation/usa/Copernicus_DSM_COG_30_N65_00_W168_00_DEM,1,11,0,3,15
geography/geodata/elevation/usa/Copernicus_DSM_COG_30_N65_00_W169_00_DEM,1,11,0,3,15
geography/geodata/elevation/usa/Copernicus_DSM_COG_30_N65_00_W170_00_DEM,1,11,0,3,15
geography/geodata/elevation/usa/Copernicus_DSM_COG_30_N65_00_W171_00_DEM,1,11,0,3,15
geography/geodata/elevation/usa/Copernicus_DSM_COG_30_N65_00_W172_00_DEM,1,11,0,3,15
geography/geodata/elevation/usa/Copernicus_DSM_COG_30_N65_00_W173_00_DEM,1,11,0,3,15
geography/geodata/elevation/usa/Copernicus_DSM_COG_30_N65_00_W174_00_DEM,1,11,0,3,15
geography/geodata/elevation/usa/Copernicus_DSM_COG_30_N65_00_W175_00_DEM,1,11,0,3,15
geography/geodata/elevation/usa/Copernicus_DSM_COG_30_N65_00_W176_00_DEM,1,11,0,3,15
geography/geodata/elevation/usa/Copernicus_DSM_COG_30_N65_00_W177_00_DEM,1,11,0,3,15
geography/geodata/elevation/usa/Copernicus_DSM_COG_30_N65_00_W178_00_DEM,1,11,0,3,15
geography/geodata/elevation/usa/Copernicus_DSM_COG_30_N65_00_W179_00_DEM,1,11,0,3,15
geography/geodata/elevation/usa/Copernicus_DSM_COG_30_N66_00_W061_00_DEM,1,11,0,3,15
geography/geodata/elevation/usa/Copernicus_DSM_COG_30_N66_00_W062_00_DEM,1,11,0,3,15
geography/geodata/elevation/usa/Copernicus_DSM_COG_30_N66_00_W063_00_DEM,1,11,0,3,15
geography/geodata/elevation/usa/Copernicus_DSM_COG_30_N66_00_W064_00_DEM,1,11,0,3,15
geography/geodata/elevation/usa/Copernicus_DSM_COG_30_N66_00_W065_00_DEM,1,11,0,3,15
geography/geodata/elevation/usa/Copernicus_DSM_COG_30_N66_00_W066_00_DEM,1,11,0,3,15
geography/geodata/elevation/usa/Copernicus_DSM_COG_30_N66_00_W067_00_DEM,1,11,0,3,15
geography/geodata/elevation/usa/Copernicus_DSM_COG_30_N66_00_W068_00_DEM,1,11,0,3,15
geography/geodata/elevation/usa/Copernicus_DSM_COG_30_N66_00_W069_00_DEM,1,11,0,3,15
geography/geodata/elevation/usa/Copernicus_DSM_COG_30_N66_00_W070_00_DEM,1,11,0,3,15
geography/geodata/elevation/usa/Copernicus_DSM_COG_30_N66_00_W071_00_DEM,1,11,0,3,15
geography/geodata/elevation/usa/Copernicus_DSM_COG_30_N66_00_W072_00_DEM,1,11,0,3,15
geography/geodata/elevation/usa/Copernicus_DSM_COG_30_N66_00_W073_00_DEM,1,11,0,3,15
geography/geodata/elevation/usa/Copernicus_DSM_COG_30_N66_00_W074_00_DEM,1,11,0,3,15
geography/geodata/elevation/usa/Copernicus_DSM_COG_30_N66_00_W075_00_DEM,1,11,0,3,15
geography/geodata/elevation/usa/Copernicus_DSM_COG_30_N66_00_W076_00_DEM,1,11,0,3,15
geography/geodata/elevation/usa/Copernicus_DSM_COG_30_N66_00_W081_00_DEM,1,11,0,3,15
geography/geodata/elevation/usa/Copernicus_DSM_COG_30_N66_00_W082_00_DEM,1,11,0,3,15
geography/geodata/elevation/usa/Copernicus_DSM_COG_30_N66_00_W083_00_DEM,1,11,0,3,15
geography/geodata/elevation/usa/Copernicus_DSM_COG_30_N66_00_W084_00_DEM,1,11,0,3,15
geography/geodata/elevation/usa/Copernicus_DSM_COG_30_N66_00_W085_00_DEM,1,11,0,3,15
geography/geodata/elevation/usa/Copernicus_DSM_COG_30_N66_00_W086_00_DEM,1,11,0,3,15
geography/geodata/elevation/usa/Copernicus_DSM_COG_30_N66_00_W087_00_DEM,1,11,0,3,15
geography/geodata/elevation/usa/Copernicus_DSM_COG_30_N66_00_W088_00_DEM,1,11,0,3,15
geography/geodata/elevation/usa/Copernicus_DSM_COG_30_N66_00_W089_00_DEM,1,11,0,3,15
geography/geodata/elevation/usa/Copernicus_DSM_COG_30_N66_00_W090_00_DEM,1,11,0,3,15
geography/geodata/elevation/usa/Copernicus_DSM_COG_30_N66_00_W091_00_DEM,1,11,0,3,15
geography/geodata/elevation/usa/Copernicus_DSM_COG_30_N66_00_W092_00_DEM,1,11,0,3,15
geography/geodata/elevation/usa/Copernicus_DSM_COG_30_N66_00_W093_00_DEM,1,11,0,3,15
geography/geodata/elevation/usa/Copernicus_DSM_COG_30_N66_00_W094_00_DEM,1,11,0,3,15
geography/geodata/elevation/usa/Copernicus_DSM_COG_30_N66_00_W095_00_DEM,1,11,0,3,15
geography/geodata/elevation/usa/Copernicus_DSM_COG_30_N66_00_W096_00_DEM,1,11,0,3,15
geography/geodata/elevation/usa/Copernicus_DSM_COG_30_N66_00_W097_00_DEM,1,11,0,3,15
geography/geodata/elevation/usa/Copernicus_DSM_COG_30_N66_00_W098_00_DEM,1,11,0,3,15
geography/geodata/elevation/usa/Copernicus_DSM_COG_30_N66_00_W099_00_DEM,1,11,0,3,15
geography/geodata/elevation/usa/Copernicus_DSM_COG_30_N66_00_W100_00_DEM,1,11,0,3,15
geography/geodata/elevation/usa/Copernicus_DSM_COG_30_N66_00_W101_00_DEM,1,11,0,3,15
geography/geodata/elevation/usa/Copernicus_DSM_COG_30_N66_00_W102_00_DEM,1,11,0,3,15
geography/geodata/elevation/usa/Copernicus_DSM_COG_30_N66_00_W103_00_DEM,1,11,0,3,15
geography/geodata/elevation/usa/Copernicus_DSM_COG_30_N66_00_W104_00_DEM,1,11,0,3,15
geography/geodata/elevation/usa/Copernicus_DSM_COG_30_N66_00_W105_00_DEM,1,11,0,3,15
geography/geodata/elevation/usa/Copernicus_DSM_COG_30_N66_00_W106_00_DEM,1,11,0,3,15
geography/geodata/elevation/usa/Copernicus_DSM_COG_30_N66_00_W107_00_DEM,1,11,0,3,15
geography/geodata/elevation/usa/Copernicus_DSM_COG_30_N66_00_W108_00_DEM,1,11,0,3,15
geography/geodata/elevation/usa/Copernicus_DSM_COG_30_N66_00_W109_00_DEM,1,11,0,3,15
geography/geodata/elevation/usa/Copernicus_DSM_COG_30_N66_00_W110_00_DEM,1,11,0,3,15
geography/geodata/elevation/usa/Copernicus_DSM_COG_30_N66_00_W111_00_DEM,1,11,0,3,15
geography/geodata/elevation/usa/Copernicus_DSM_COG_30_N66_00_W112_00_DEM,1,11,0,3,15
geography/geodata/elevation/usa/Copernicus_DSM_COG_30_N66_00_W113_00_DEM,1,11,0,3,15
geography/geodata/elevation/usa/Copernicus_DSM_COG_30_N66_00_W114_00_DEM,1,11,0,3,15
geography/geodata/elevation/usa/Copernicus_DSM_COG_30_N66_00_W115_00_DEM,1,11,0,3,15
geography/geodata/elevation/usa/Copernicus_DSM_COG_30_N66_00_W116_00_DEM,1,11,0,3,15
geography/geodata/elevation/usa/Copernicus_DSM_COG_30_N66_00_W117_00_DEM,1,11,0,3,15
geography/geodata/elevation/usa/Copernicus_DSM_COG_30_N66_00_W118_00_DEM,1,11,0,3,15
geography/geodata/elevation/usa/Copernicus_DSM_COG_30_N66_00_W119_00_DEM,1,11,0,3,15
geography/geodata/elevation/usa/Copernicus_DSM_COG_30_N66_00_W120_00_DEM,1,11,0,3,15
geography/geodata/elevation/usa/Copernicus_DSM_COG_30_N66_00_W121_00_DEM,1,11,0,3,15
geography/geodata/elevation/usa/Copernicus_DSM_COG_30_N66_00_W122_00_DEM,1,11,0,3,15
geography/geodata/elevation/usa/Copernicus_DSM_COG_30_N66_00_W123_00_DEM,1,11,0,3,15
geography/geodata/elevation/usa/Copernicus_DSM_COG_30_N66_00_W124_00_DEM,1,11,0,3,15
geography/geodata/elevation/usa/Copernicus_DSM_COG_30_N66_00_W125_00_DEM,1,11,0,3,15
geography/geodata/elevation/usa/Copernicus_DSM_COG_30_N66_00_W126_00_DEM,1,11,0,3,15
geography/geodata/elevation/usa/Copernicus_DSM_COG_30_N66_00_W127_00_DEM,1,11,0,3,15
geography/geodata/elevation/usa/Copernicus_DSM_COG_30_N66_00_W128_00_DEM,1,11,0,3,15
geography/geodata/elevation/usa/Copernicus_DSM_COG_30_N66_00_W129_00_DEM,1,11,0,3,15
geography/geodata/elevation/usa/Copernicus_DSM_COG_30_N66_00_W130_00_DEM,1,11,0,3,15
geography/geodata/elevation/usa/Copernicus_DSM_COG_30_N66_00_W131_00_DEM,1,11,0,3,15
geography/geodata/elevation/usa/Copernicus_DSM_COG_30_N66_00_W132_00_DEM,1,11,0,3,15
geography/geodata/elevation/usa/Copernicus_DSM_COG_30_N66_00_W133_00_DEM,1,11,0,3,15
geography/geodata/elevation/usa/Copernicus_DSM_COG_30_N66_00_W134_00_DEM,1,11,0,3,15
geography/geodata/elevation/usa/Copernicus_DSM_COG_30_N66_00_W135_00_DEM,1,11,0,3,15
geography/geodata/elevation/usa/Copernicus_DSM_COG_30_N66_00_W136_00_DEM,1,11,0,3,15
geography/geodata/elevation/usa/Copernicus_DSM_COG_30_N66_00_W137_00_DEM,1,11,0,3,15
geography/geodata/elevation/usa/Copernicus_DSM_COG_30_N66_00_W138_00_DEM,1,11,0,3,15
geography/geodata/elevation/usa/Copernicus_DSM_COG_30_N66_00_W139_00_DEM,1,11,0,3,15
geography/geodata/elevation/usa/Copernicus_DSM_COG_30_N66_00_W140_00_DEM,1,11,0,3,15
geography/geodata/elevation/usa/Copernicus_DSM_COG_30_N66_00_W141_00_DEM,1,11,0,3,15
geography/geodata/elevation/usa/Copernicus_DSM_COG_30_N66_00_W142_00_DEM,1,11,0,3,15
geography/geodata/elevation/usa/Copernicus_DSM_COG_30_N66_00_W143_00_DEM,1,11,0,3,15
geography/geodata/elevation/usa/Copernicus_DSM_COG_30_N66_00_W144_00_DEM,1,11,0,3,15
geography/geodata/elevation/usa/Copernicus_DSM_COG_30_N66_00_W145_00_DEM,1,11,0,3,15
geography/geodata/elevation/usa/Copernicus_DSM_COG_30_N66_00_W146_00_DEM,1,11,0,3,15
geography/geodata/elevation/usa/Copernicus_DSM_COG_30_N66_00_W147_00_DEM,1,11,0,3,15
geography/geodata/elevation/usa/Copernicus_DSM_COG_30_N66_00_W148_00_DEM,1,11,0,3,15
geography/geodata/elevation/usa/Copernicus_DSM_COG_30_N66_00_W149_00_DEM,1,11,0,3,15
geography/geodata/elevation/usa/Copernicus_DSM_COG_30_N66_00_W150_00_DEM,1,11,0,3,15
geography/geodata/elevation/usa/Copernicus_DSM_COG_30_N66_00_W151_00_DEM,1,11,0,3,15
geography/geodata/elevation/usa/Copernicus_DSM_COG_30_N66_00_W152_00_DEM,1,11,0,3,15
geography/geodata/elevation/usa/Copernicus_DSM_COG_30_N66_00_W153_00_DEM,1,11,0,3,15
geography/geodata/elevation/usa/Copernicus_DSM_COG_30_N66_00_W154_00_DEM,1,11,0,3,15
geography/geodata/elevation/usa/Copernicus_DSM_COG_30_N66_00_W155_00_DEM,1,11,0,3,15
geography/geodata/elevation/usa/Copernicus_DSM_COG_30_N66_00_W156_00_DEM,1,11,0,3,15
geography/geodata/elevation/usa/Copernicus_DSM_COG_30_N66_00_W157_00_DEM,1,11,0,3,15
geography/geodata/elevation/usa/Copernicus_DSM_COG_30_N66_00_W158_00_DEM,1,11,0,3,15
geography/geodata/elevation/usa/Copernicus_DSM_COG_30_N66_00_W159_00_DEM,1,11,0,3,15
geography/geodata/elevation/usa/Copernicus_DSM_COG_30_N66_00_W160_00_DEM,1,11,0,3,15
geography/geodata/elevation/usa/Copernicus_DSM_COG_30_N66_00_W161_00_DEM,1,11,0,3,15
geography/geodata/elevation/usa/Copernicus_DSM_COG_30_N66_00_W162_00_DEM,1,11,0,3,15
geography/geodata/elevation/usa/Copernicus_DSM_COG_30_N66_00_W163_00_DEM,1,11,0,3,15
geography/geodata/elevation/usa/Copernicus_DSM_COG_30_N66_00_W164_00_DEM,1,11,0,3,15
geography/geodata/elevation/usa/Copernicus_DSM_COG_30_N66_00_W165_00_DEM,1,11,0,3,15
geography/geodata/elevation/usa/Copernicus_DSM_COG_30_N66_00_W166_00_DEM,1,11,0,3,15
geography/geodata/elevation/usa/Copernicus_DSM_COG_30_N66_00_W167_00_DEM,1,11,0,3,15
geography/geodata/elevation/usa/Copernicus_DSM_COG_30_N66_00_W168_00_DEM,1,11,0,3,15
geography/geodata/elevation/usa/Copernicus_DSM_COG_30_N66_00_W169_00_DEM,1,11,0,3,15
geography/geodata/elevation/usa/Copernicus_DSM_COG_30_N66_00_W170_00_DEM,1,11,0,3,15
geography/geodata/elevation/usa/Copernicus_DSM_COG_30_N66_00_W171_00_DEM,1,11,0,3,15
geography/geodata/elevation/usa/Copernicus_DSM_COG_30_N66_00_W172_00_DEM,1,11,0,3,15
geography/geodata/elevation/usa/Copernicus_DSM_COG_30_N66_00_W173_00_DEM,1,11,0,3,15
geography/geodata/elevation/usa/Copernicus_DSM_COG_30_N66_00_W174_00_DEM,1,11,0,3,15
geography/geodata/elevation/usa/Copernicus_DSM_COG_30_N66_00_W175_00_DEM,1,11,0,3,15
geography/geodata/elevation/usa/Copernicus_DSM_COG_30_N66_00_W176_00_DEM,1,11,0,3,15
geography/geodata/elevation/usa/Copernicus_DSM_COG_30_N66_00_W177_00_DEM,1,11,0,3,15
geography/geodata/elevation/usa/Copernicus_DSM_COG_30_N66_00_W178_00_DEM,1,11,0,3,15
geography/geodata/elevation/usa/Copernicus_DSM_COG_30_N66_00_W179_00_DEM,1,11,0,3,15
geography/geodata/elevation/usa/Copernicus_DSM_COG_30_N67_00_W061_00_DEM,1,11,0,3,15
geography/geodata/elevation/usa/Copernicus_DSM_COG_30_N67_00_W062_00_DEM,1,11,0,3,15
geography/geodata/elevation/usa/Copernicus_DSM_COG_30_N67_00_W063_00_DEM,1,11,0,3,15
geography/geodata/elevation/usa/Copernicus_DSM_COG_30_N67_00_W064_00_DEM,1,11,0,3,15
geography/geodata/elevation/usa/Copernicus_DSM_COG_30_N67_00_W065_00_DEM,1,11,0,3,15
geography/geodata/elevation/usa/Copernicus_DSM_COG_30_N67_00_W066_00_DEM,1,11,0,3,15
geography/geodata/elevation/usa/Copernicus_DSM_COG_30_N67_00_W067_00_DEM,1,11,0,3,15
geography/geodata/elevation/usa/Copernicus_DSM_COG_30_N67_00_W068_00_DEM,1,11,0,3,15
geography/geodata/elevation/usa/Copernicus_DSM_COG_30_N67_00_W069_00_DEM,1,11,0,3,15
geography/geodata/elevation/usa/Copernicus_DSM_COG_30_N67_00_W070_00_DEM,1,11,0,3,15
geography/geodata/elevation/usa/Copernicus_DSM_COG_30_N67_00_W071_00_DEM,1,11,0,3,15
geography/geodata/elevation/usa/Copernicus_DSM_COG_30_N67_00_W072_00_DEM,1,11,0,3,15
geography/geodata/elevation/usa/Copernicus_DSM_COG_30_N67_00_W073_00_DEM,1,11,0,3,15
geography/geodata/elevation/usa/Copernicus_DSM_COG_30_N67_00_W074_00_DEM,1,11,0,3,15
geography/geodata/elevation/usa/Copernicus_DSM_COG_30_N67_00_W075_00_DEM,1,11,0,3,15
geography/geodata/elevation/usa/Copernicus_DSM_COG_30_N67_00_W076_00_DEM,1,11,0,3,15
geography/geodata/elevation/usa/Copernicus_DSM_COG_30_N67_00_W077_00_DEM,1,11,0,3,15
geography/geodata/elevation/usa/Copernicus_DSM_COG_30_N67_00_W078_00_DEM,1,11,0,3,15
geography/geodata/elevation/usa/Copernicus_DSM_COG_30_N67_00_W081_00_DEM,1,11,0,3,15
geography/geodata/elevation/usa/Copernicus_DSM_COG_30_N67_00_W082_00_DEM,1,11,0,3,15
geography/geodata/elevation/usa/Copernicus_DSM_COG_30_N67_00_W083_00_DEM,1,11,0,3,15
geography/geodata/elevation/usa/Copernicus_DSM_COG_30_N67_00_W084_00_DEM,1,11,0,3,15
geography/geodata/elevation/usa/Copernicus_DSM_COG_30_N67_00_W085_00_DEM,1,11,0,3,15
geography/geodata/elevation/usa/Copernicus_DSM_COG_30_N67_00_W086_00_DEM,1,11,0,3,15
geography/geodata/elevation/usa/Copernicus_DSM_COG_30_N67_00_W087_00_DEM,1,11,0,3,15
geography/geodata/elevation/usa/Copernicus_DSM_COG_30_N67_00_W088_00_DEM,1,11,0,3,15
geography/geodata/elevation/usa/Copernicus_DSM_COG_30_N67_00_W089_00_DEM,1,11,0,3,15
geography/geodata/elevation/usa/Copernicus_DSM_COG_30_N67_00_W090_00_DEM,1,11,0,3,15
geography/geodata/elevation/usa/Copernicus_DSM_COG_30_N67_00_W091_00_DEM,1,11,0,3,15
geography/geodata/elevation/usa/Copernicus_DSM_COG_30_N67_00_W092_00_DEM,1,11,0,3,15
geography/geodata/elevation/usa/Copernicus_DSM_COG_30_N67_00_W093_00_DEM,1,11,0,3,15
geography/geodata/elevation/usa/Copernicus_DSM_COG_30_N67_00_W094_00_DEM,1,11,0,3,15
geography/geodata/elevation/usa/Copernicus_DSM_COG_30_N67_00_W095_00_DEM,1,11,0,3,15
geography/geodata/elevation/usa/Copernicus_DSM_COG_30_N67_00_W096_00_DEM,1,11,0,3,15
geography/geodata/elevation/usa/Copernicus_DSM_COG_30_N67_00_W097_00_DEM,1,11,0,3,15
geography/geodata/elevation/usa/Copernicus_DSM_COG_30_N67_00_W098_00_DEM,1,11,0,3,15
geography/geodata/elevation/usa/Copernicus_DSM_COG_30_N67_00_W099_00_DEM,1,11,0,3,15
geography/geodata/elevation/usa/Copernicus_DSM_COG_30_N67_00_W100_00_DEM,1,11,0,3,15
geography/geodata/elevation/usa/Copernicus_DSM_COG_30_N67_00_W101_00_DEM,1,11,0,3,15
geography/geodata/elevation/usa/Copernicus_DSM_COG_30_N67_00_W102_00_DEM,1,11,0,3,15
geography/geodata/elevation/usa/Copernicus_DSM_COG_30_N67_00_W103_00_DEM,1,11,0,3,15
geography/geodata/elevation/usa/Copernicus_DSM_COG_30_N67_00_W104_00_DEM,1,11,0,3,15
geography/geodata/elevation/usa/Copernicus_DSM_COG_30_N67_00_W105_00_DEM,1,11,0,3,15
geography/geodata/elevation/usa/Copernicus_DSM_COG_30_N67_00_W106_00_DEM,1,11,0,3,15
geography/geodata/elevation/usa/Copernicus_DSM_COG_30_N67_00_W107_00_DEM,1,11,0,3,15
geography/geodata/elevation/usa/Copernicus_DSM_COG_30_N67_00_W108_00_DEM,1,11,0,3,15
geography/geodata/elevation/usa/Copernicus_DSM_COG_30_N67_00_W109_00_DEM,1,11,0,3,15
geography/geodata/elevation/usa/Copernicus_DSM_COG_30_N67_00_W110_00_DEM,1,11,0,3,15
geography/geodata/elevation/usa/Copernicus_DSM_COG_30_N67_00_W111_00_DEM,1,11,0,3,15
geography/geodata/elevation/usa/Copernicus_DSM_COG_30_N67_00_W112_00_DEM,1,11,0,3,15
geography/geodata/elevation/usa/Copernicus_DSM_COG_30_N67_00_W113_00_DEM,1,11,0,3,15
geography/geodata/elevation/usa/Copernicus_DSM_COG_30_N67_00_W114_00_DEM,1,11,0,3,15
geography/geodata/elevation/usa/Copernicus_DSM_COG_30_N67_00_W115_00_DEM,1,11,0,3,15
geography/geodata/elevation/usa/Copernicus_DSM_COG_30_N67_00_W116_00_DEM,1,11,0,3,15
geography/geodata/elevation/usa/Copernicus_DSM_COG_30_N67_00_W117_00_DEM,1,11,0,3,15
geography/geodata/elevation/usa/Copernicus_DSM_COG_30_N67_00_W118_00_DEM,1,11,0,3,15
geography/geodata/elevation/usa/Copernicus_DSM_COG_30_N67_00_W119_00_DEM,1,11,0,3,15
geography/geodata/elevation/usa/Copernicus_DSM_COG_30_N67_00_W120_00_DEM,1,11,0,3,15
geography/geodata/elevation/usa/Copernicus_DSM_COG_30_N67_00_W121_00_DEM,1,11,0,3,15
geography/geodata/elevation/usa/Copernicus_DSM_COG_30_N67_00_W122_00_DEM,1,11,0,3,15
geography/geodata/elevation/usa/Copernicus_DSM_COG_30_N67_00_W123_00_DEM,1,11,0,3,15
geography/geodata/elevation/usa/Copernicus_DSM_COG_30_N67_00_W124_00_DEM,1,11,0,3,15
geography/geodata/elevation/usa/Copernicus_DSM_COG_30_N67_00_W125_00_DEM,1,11,0,3,15
geography/geodata/elevation/usa/Copernicus_DSM_COG_30_N67_00_W126_00_DEM,1,11,0,3,15
geography/geodata/elevation/usa/Copernicus_DSM_COG_30_N67_00_W127_00_DEM,1,11,0,3,15
geography/geodata/elevation/usa/Copernicus_DSM_COG_30_N67_00_W128_00_DEM,1,11,0,3,15
geography/geodata/elevation/usa/Copernicus_DSM_COG_30_N67_00_W129_00_DEM,1,11,0,3,15
geography/geodata/elevation/usa/Copernicus_DSM_COG_30_N67_00_W130_00_DEM,1,11,0,3,15
geography/geodata/elevation/usa/Copernicus_DSM_COG_30_N67_00_W131_00_DEM,1,11,0,3,15
geography/geodata/elevation/usa/Copernicus_DSM_COG_30_N67_00_W132_00_DEM,1,11,0,3,15
geography/geodata/elevation/usa/Copernicus_DSM_COG_30_N67_00_W133_00_DEM,1,11,0,3,15
geography/geodata/elevation/usa/Copernicus_DSM_COG_30_N67_00_W134_00_DEM,1,11,0,3,15
geography/geodata/elevation/usa/Copernicus_DSM_COG_30_N67_00_W135_00_DEM,1,11,0,3,15
geography/geodata/elevation/usa/Copernicus_DSM_COG_30_N67_00_W136_00_DEM,1,11,0,3,15
geography/geodata/elevation/usa/Copernicus_DSM_COG_30_N67_00_W137_00_DEM,1,11,0,3,15
geography/geodata/elevation/usa/Copernicus_DSM_COG_30_N67_00_W138_00_DEM,1,11,0,3,15
geography/geodata/elevation/usa/Copernicus_DSM_COG_30_N67_00_W139_00_DEM,1,11,0,3,15
geography/geodata/elevation/usa/Copernicus_DSM_COG_30_N67_00_W140_00_DEM,1,11,0,3,15
geography/geodata/elevation/usa/Copernicus_DSM_COG_30_N67_00_W141_00_DEM,1,11,0,3,15
geography/geodata/elevation/usa/Copernicus_DSM_COG_30_N67_00_W142_00_DEM,1,11,0,3,15
geography/geodata/elevation/usa/Copernicus_DSM_COG_30_N67_00_W143_00_DEM,1,11,0,3,15
geography/geodata/elevation/usa/Copernicus_DSM_COG_30_N67_00_W144_00_DEM,1,11,0,3,15
geography/geodata/elevation/usa/Copernicus_DSM_COG_30_N67_00_W145_00_DEM,1,11,0,3,15
geography/geodata/elevation/usa/Copernicus_DSM_COG_30_N67_00_W146_00_DEM,1,11,0,3,15
geography/geodata/elevation/usa/Copernicus_DSM_COG_30_N67_00_W147_00_DEM,1,11,0,3,15
geography/geodata/elevation/usa/Copernicus_DSM_COG_30_N67_00_W148_00_DEM,1,11,0,3,15
geography/geodata/elevation/usa/Copernicus_DSM_COG_30_N67_00_W149_00_DEM,1,11,0,3,15
geography/geodata/elevation/usa/Copernicus_DSM_COG_30_N67_00_W150_00_DEM,1,11,0,3,15
geography/geodata/elevation/usa/Copernicus_DSM_COG_30_N67_00_W151_00_DEM,1,11,0,3,15
geography/geodata/elevation/usa/Copernicus_DSM_COG_30_N67_00_W152_00_DEM,1,11,0,3,15
geography/geodata/elevation/usa/Copernicus_DSM_COG_30_N67_00_W153_00_DEM,1,11,0,3,15
geography/geodata/elevation/usa/Copernicus_DSM_COG_30_N67_00_W154_00_DEM,1,11,0,3,15
geography/geodata/elevation/usa/Copernicus_DSM_COG_30_N67_00_W155_00_DEM,1,11,0,3,15
geography/geodata/elevation/usa/Copernicus_DSM_COG_30_N67_00_W156_00_DEM,1,11,0,3,15
geography/geodata/elevation/usa/Copernicus_DSM_COG_30_N67_00_W157_00_DEM,1,11,0,3,15
geography/geodata/elevation/usa/Copernicus_DSM_COG_30_N67_00_W158_00_DEM,1,11,0,3,15
geography/geodata/elevation/usa/Copernicus_DSM_COG_30_N67_00_W159_00_DEM,1,11,0,3,15
geography/geodata/elevation/usa/Copernicus_DSM_COG_30_N67_00_W160_00_DEM,1,11,0,3,15
geography/geodata/elevation/usa/Copernicus_DSM_COG_30_N67_00_W161_00_DEM,1,11,0,3,15
geography/geodata/elevation/usa/Copernicus_DSM_COG_30_N67_00_W162_00_DEM,1,11,0,3,15
geography/geodata/elevation/usa/Copernicus_DSM_COG_30_N67_00_W163_00_DEM,1,11,0,3,15
geography/geodata/elevation/usa/Copernicus_DSM_COG_30_N67_00_W164_00_DEM,1,11,0,3,15
geography/geodata/elevation/usa/Copernicus_DSM_COG_30_N67_00_W165_00_DEM,1,11,0,3,15
geography/geodata/elevation/usa/Copernicus_DSM_COG_30_N67_00_W166_00_DEM,1,11,0,3,15
geography/geodata/elevation/usa/Copernicus_DSM_COG_30_N67_00_W173_00_DEM,1,11,0,3,15
geography/geodata/elevation/usa/Copernicus_DSM_COG_30_N67_00_W174_00_DEM,1,11,0,3,15
geography/geodata/elevation/usa/Copernicus_DSM_COG_30_N67_00_W175_00_DEM,1,11,0,3,15
geography/geodata/elevation/usa/Copernicus_DSM_COG_30_N67_00_W176_00_DEM,1,11,0,3,15
geography/geodata/elevation/usa/Copernicus_DSM_COG_30_N67_00_W177_00_DEM,1,11,0,3,15
geography/geodata/elevation/usa/Copernicus_DSM_COG_30_N67_00_W178_00_DEM,1,11,0,3,15
geography/geodata/elevation/usa/Copernicus_DSM_COG_30_N67_00_W179_00_DEM,1,11,0,3,15
geography/geodata/elevation/usa/Copernicus_DSM_COG_30_N68_00_W065_00_DEM,1,11,0,3,15
geography/geodata/elevation/usa/Copernicus_DSM_COG_30_N68_00_W066_00_DEM,1,11,0,3,15
geography/geodata/elevation/usa/Copernicus_DSM_COG_30_N68_00_W067_00_DEM,1,11,0,3,15
geography/geodata/elevation/usa/Copernicus_DSM_COG_30_N68_00_W068_00_DEM,1,11,0,3,15
geography/geodata/elevation/usa/Copernicus_DSM_COG_30_N68_00_W069_00_DEM,1,11,0,3,15
geography/geodata/elevation/usa/Copernicus_DSM_COG_30_N68_00_W070_00_DEM,1,11,0,3,15
geography/geodata/elevation/usa/Copernicus_DSM_COG_30_N68_00_W071_00_DEM,1,11,0,3,15
geography/geodata/elevation/usa/Copernicus_DSM_COG_30_N68_00_W072_00_DEM,1,11,0,3,15
geography/geodata/elevation/usa/Copernicus_DSM_COG_30_N68_00_W073_00_DEM,1,11,0,3,15
geography/geodata/elevation/usa/Copernicus_DSM_COG_30_N68_00_W074_00_DEM,1,11,0,3,15
geography/geodata/elevation/usa/Copernicus_DSM_COG_30_N68_00_W075_00_DEM,1,11,0,3,15
geography/geodata/elevation/usa/Copernicus_DSM_COG_30_N68_00_W076_00_DEM,1,11,0,3,15
geography/geodata/elevation/usa/Copernicus_DSM_COG_30_N68_00_W077_00_DEM,1,11,0,3,15
geography/geodata/elevation/usa/Copernicus_DSM_COG_30_N68_00_W078_00_DEM,1,11,0,3,15
geography/geodata/elevation/usa/Copernicus_DSM_COG_30_N68_00_W079_00_DEM,1,11,0,3,15
geography/geodata/elevation/usa/Copernicus_DSM_COG_30_N68_00_W080_00_DEM,1,11,0,3,15
geography/geodata/elevation/usa/Copernicus_DSM_COG_30_N68_00_W081_00_DEM,1,11,0,3,15
geography/geodata/elevation/usa/Copernicus_DSM_COG_30_N68_00_W082_00_DEM,1,11,0,3,15
geography/geodata/elevation/usa/Copernicus_DSM_COG_30_N68_00_W083_00_DEM,1,11,0,3,15
geography/geodata/elevation/usa/Copernicus_DSM_COG_30_N68_00_W084_00_DEM,1,11,0,3,15
geography/geodata/elevation/usa/Copernicus_DSM_COG_30_N68_00_W085_00_DEM,1,11,0,3,15
geography/geodata/elevation/usa/Copernicus_DSM_COG_30_N68_00_W086_00_DEM,1,11,0,3,15
geography/geodata/elevation/usa/Copernicus_DSM_COG_30_N68_00_W087_00_DEM,1,11,0,3,15
geography/geodata/elevation/usa/Copernicus_DSM_COG_30_N68_00_W088_00_DEM,1,11,0,3,15
geography/geodata/elevation/usa/Copernicus_DSM_COG_30_N68_00_W089_00_DEM,1,11,0,3,15
geography/geodata/elevation/usa/Copernicus_DSM_COG_30_N68_00_W090_00_DEM,1,11,0,3,15
geography/geodata/elevation/usa/Copernicus_DSM_COG_30_N68_00_W091_00_DEM,1,11,0,3,15
geography/geodata/elevation/usa/Copernicus_DSM_COG_30_N68_00_W092_00_DEM,1,11,0,3,15
geography/geodata/elevation/usa/Copernicus_DSM_COG_30_N68_00_W093_00_DEM,1,11,0,3,15
geography/geodata/elevation/usa/Copernicus_DSM_COG_30_N68_00_W094_00_DEM,1,11,0,3,15
geography/geodata/elevation/usa/Copernicus_DSM_COG_30_N68_00_W095_00_DEM,1,11,0,3,15
geography/geodata/elevation/usa/Copernicus_DSM_COG_30_N68_00_W096_00_DEM,1,11,0,3,15
geography/geodata/elevation/usa/Copernicus_DSM_COG_30_N68_00_W097_00_DEM,1,11,0,3,15
geography/geodata/elevation/usa/Copernicus_DSM_COG_30_N68_00_W098_00_DEM,1,11,0,3,15
geography/geodata/elevation/usa/Copernicus_DSM_COG_30_N68_00_W099_00_DEM,1,11,0,3,15
geography/geodata/elevation/usa/Copernicus_DSM_COG_30_N68_00_W100_00_DEM,1,11,0,3,15
geography/geodata/elevation/usa/Copernicus_DSM_COG_30_N68_00_W101_00_DEM,1,11,0,3,15
geography/geodata/elevation/usa/Copernicus_DSM_COG_30_N68_00_W102_00_DEM,1,11,0,3,15
geography/geodata/elevation/usa/Copernicus_DSM_COG_30_N68_00_W103_00_DEM,1,11,0,3,15
geography/geodata/elevation/usa/Copernicus_DSM_COG_30_N68_00_W104_00_DEM,1,11,0,3,15
geography/geodata/elevation/usa/Copernicus_DSM_COG_30_N68_00_W105_00_DEM,1,11,0,3,15
geography/geodata/elevation/usa/Copernicus_DSM_COG_30_N68_00_W106_00_DEM,1,11,0,3,15
geography/geodata/elevation/usa/Copernicus_DSM_COG_30_N68_00_W107_00_DEM,1,11,0,3,15
geography/geodata/elevation/usa/Copernicus_DSM_COG_30_N68_00_W108_00_DEM,1,11,0,3,15
geography/geodata/elevation/usa/Copernicus_DSM_COG_30_N68_00_W109_00_DEM,1,11,0,3,15
geography/geodata/elevation/usa/Copernicus_DSM_COG_30_N68_00_W110_00_DEM,1,11,0,3,15
geography/geodata/elevation/usa/Copernicus_DSM_COG_30_N68_00_W111_00_DEM,1,11,0,3,15
geography/geodata/elevation/usa/Copernicus_DSM_COG_30_N68_00_W112_00_DEM,1,11,0,3,15
geography/geodata/elevation/usa/Copernicus_DSM_COG_30_N68_00_W113_00_DEM,1,11,0,3,15
geography/geodata/elevation/usa/Copernicus_DSM_COG_30_N68_00_W114_00_DEM,1,11,0,3,15
geography/geodata/elevation/usa/Copernicus_DSM_COG_30_N68_00_W115_00_DEM,1,11,0,3,15
geography/geodata/elevation/usa/Copernicus_DSM_COG_30_N68_00_W116_00_DEM,1,11,0,3,15
geography/geodata/elevation/usa/Copernicus_DSM_COG_30_N68_00_W117_00_DEM,1,11,0,3,15
geography/geodata/elevation/usa/Copernicus_DSM_COG_30_N68_00_W118_00_DEM,1,11,0,3,15
geography/geodata/elevation/usa/Copernicus_DSM_COG_30_N68_00_W119_00_DEM,1,11,0,3,15
geography/geodata/elevation/usa/Copernicus_DSM_COG_30_N68_00_W120_00_DEM,1,11,0,3,15
geography/geodata/elevation/usa/Copernicus_DSM_COG_30_N68_00_W121_00_DEM,1,11,0,3,15
geography/geodata/elevation/usa/Copernicus_DSM_COG_30_N68_00_W122_00_DEM,1,11,0,3,15
geography/geodata/elevation/usa/Copernicus_DSM_COG_30_N68_00_W123_00_DEM,1,11,0,3,15
geography/geodata/elevation/usa/Copernicus_DSM_COG_30_N68_00_W124_00_DEM,1,11,0,3,15
geography/geodata/elevation/usa/Copernicus_DSM_COG_30_N68_00_W125_00_DEM,1,11,0,3,15
geography/geodata/elevation/usa/Copernicus_DSM_COG_30_N68_00_W126_00_DEM,1,11,0,3,15
geography/geodata/elevation/usa/Copernicus_DSM_COG_30_N68_00_W127_00_DEM,1,11,0,3,15
geography/geodata/elevation/usa/Copernicus_DSM_COG_30_N68_00_W128_00_DEM,1,11,0,3,15
geography/geodata/elevation/usa/Copernicus_DSM_COG_30_N68_00_W129_00_DEM,1,11,0,3,15
geography/geodata/elevation/usa/Copernicus_DSM_COG_30_N68_00_W130_00_DEM,1,11,0,3,15
geography/geodata/elevation/usa/Copernicus_DSM_COG_30_N68_00_W131_00_DEM,1,11,0,3,15
geography/geodata/elevation/usa/Copernicus_DSM_COG_30_N68_00_W132_00_DEM,1,11,0,3,15
geography/geodata/elevation/usa/Copernicus_DSM_COG_30_N68_00_W133_00_DEM,1,11,0,3,15
geography/geodata/elevation/usa/Copernicus_DSM_COG_30_N68_00_W134_00_DEM,1,11,0,3,15
geography/geodata/elevation/usa/Copernicus_DSM_COG_30_N68_00_W135_00_DEM,1,11,0,3,15
geography/geodata/elevation/usa/Copernicus_DSM_COG_30_N68_00_W136_00_DEM,1,11,0,3,15
geography/geodata/elevation/usa/Copernicus_DSM_COG_30_N68_00_W137_00_DEM,1,11,0,3,15
geography/geodata/elevation/usa/Copernicus_DSM_COG_30_N68_00_W138_00_DEM,1,11,0,3,15
geography/geodata/elevation/usa/Copernicus_DSM_COG_30_N68_00_W139_00_DEM,1,11,0,3,15
geography/geodata/elevation/usa/Copernicus_DSM_COG_30_N68_00_W140_00_DEM,1,11,0,3,15
geography/geodata/elevation/usa/Copernicus_DSM_COG_30_N68_00_W141_00_DEM,1,11,0,3,15
geography/geodata/elevation/usa/Copernicus_DSM_COG_30_N68_00_W142_00_DEM,1,11,0,3,15
geography/geodata/elevation/usa/Copernicus_DSM_COG_30_N68_00_W143_00_DEM,1,11,0,3,15
geography/geodata/elevation/usa/Copernicus_DSM_COG_30_N68_00_W144_00_DEM,1,11,0,3,15
geography/geodata/elevation/usa/Copernicus_DSM_COG_30_N68_00_W145_00_DEM,1,11,0,3,15
geography/geodata/elevation/usa/Copernicus_DSM_COG_30_N68_00_W146_00_DEM,1,11,0,3,15
geography/geodata/elevation/usa/Copernicus_DSM_COG_30_N68_00_W147_00_DEM,1,11,0,3,15
geography/geodata/elevation/usa/Copernicus_DSM_COG_30_N68_00_W148_00_DEM,1,11,0,3,15
geography/geodata/elevation/usa/Copernicus_DSM_COG_30_N68_00_W149_00_DEM,1,11,0,3,15
geography/geodata/elevation/usa/Copernicus_DSM_COG_30_N68_00_W150_00_DEM,1,11,0,3,15
geography/geodata/elevation/usa/Copernicus_DSM_COG_30_N68_00_W151_00_DEM,1,11,0,3,15
geography/geodata/elevation/usa/Copernicus_DSM_COG_30_N68_00_W152_00_DEM,1,11,0,3,15
geography/geodata/elevation/usa/Copernicus_DSM_COG_30_N68_00_W153_00_DEM,1,11,0,3,15
geography/geodata/elevation/usa/Copernicus_DSM_COG_30_N68_00_W154_00_DEM,1,11,0,3,15
geography/geodata/elevation/usa/Copernicus_DSM_COG_30_N68_00_W155_00_DEM,1,11,0,3,15
geography/geodata/elevation/usa/Copernicus_DSM_COG_30_N68_00_W156_00_DEM,1,11,0,3,15
geography/geodata/elevation/usa/Copernicus_DSM_COG_30_N68_00_W157_00_DEM,1,11,0,3,15
geography/geodata/elevation/usa/Copernicus_DSM_COG_30_N68_00_W158_00_DEM,1,11,0,3,15
geography/geodata/elevation/usa/Copernicus_DSM_COG_30_N68_00_W159_00_DEM,1,11,0,3,15
geography/geodata/elevation/usa/Copernicus_DSM_COG_30_N68_00_W160_00_DEM,1,11,0,3,15
geography/geodata/elevation/usa/Copernicus_DSM_COG_30_N68_00_W161_00_DEM,1,11,0,3,15
geography/geodata/elevation/usa/Copernicus_DSM_COG_30_N68_00_W162_00_DEM,1,11,0,3,15
geography/geodata/elevation/usa/Copernicus_DSM_COG_30_N68_00_W163_00_DEM,1,11,0,3,15
geography/geodata/elevation/usa/Copernicus_DSM_COG_30_N68_00_W164_00_DEM,1,11,0,3,15
geography/geodata/elevation/usa/Copernicus_DSM_COG_30_N68_00_W165_00_DEM,1,11,0,3,15
geography/geodata/elevation/usa/Copernicus_DSM_COG_30_N68_00_W166_00_DEM,1,11,0,3,15
geography/geodata/elevation/usa/Copernicus_DSM_COG_30_N68_00_W167_00_DEM,1,11,0,3,15
geography/geodata/elevation/usa/Copernicus_DSM_COG_30_N68_00_W168_00_DEM,1,11,0,3,15
geography/geodata/elevation/usa/Copernicus_DSM_COG_30_N68_00_W177_00_DEM,1,11,0,3,15
geography/geodata/elevation/usa/Copernicus_DSM_COG_30_N68_00_W178_00_DEM,1,11,0,3,15
geography/geodata/elevation/usa/Copernicus_DSM_COG_30_N68_00_W179_00_DEM,1,11,0,3,15
geography/geodata/elevation/usa/Copernicus_DSM_COG_30_N69_00_W067_00_DEM,1,11,0,3,15
geography/geodata/elevation/usa/Copernicus_DSM_COG_30_N69_00_W068_00_DEM,1,11,0,3,15
geography/geodata/elevation/usa/Copernicus_DSM_COG_30_N69_00_W069_00_DEM,1,11,0,3,15
geography/geodata/elevation/usa/Copernicus_DSM_COG_30_N69_00_W070_00_DEM,1,11,0,3,15
geography/geodata/elevation/usa/Copernicus_DSM_COG_30_N69_00_W071_00_DEM,1,11,0,3,15
geography/geodata/elevation/usa/Copernicus_DSM_COG_30_N69_00_W072_00_DEM,1,11,0,3,15
geography/geodata/elevation/usa/Copernicus_DSM_COG_30_N69_00_W073_00_DEM,1,11,0,3,15
geography/geodata/elevation/usa/Copernicus_DSM_COG_30_N69_00_W074_00_DEM,1,11,0,3,15
geography/geodata/elevation/usa/Copernicus_DSM_COG_30_N69_00_W075_00_DEM,1,11,0,3,15
geography/geodata/elevation/usa/Copernicus_DSM_COG_30_N69_00_W076_00_DEM,1,11,0,3,15
geography/geodata/elevation/usa/Copernicus_DSM_COG_30_N69_00_W077_00_DEM,1,11,0,3,15
geography/geodata/elevation/usa/Copernicus_DSM_COG_30_N69_00_W078_00_DEM,1,11,0,3,15
geography/geodata/elevation/usa/Copernicus_DSM_COG_30_N69_00_W079_00_DEM,1,11,0,3,15
geography/geodata/elevation/usa/Copernicus_DSM_COG_30_N69_00_W080_00_DEM,1,11,0,3,15
geography/geodata/elevation/usa/Copernicus_DSM_COG_30_N69_00_W081_00_DEM,1,11,0,3,15
geography/geodata/elevation/usa/Copernicus_DSM_COG_30_N69_00_W082_00_DEM,1,11,0,3,15
geography/geodata/elevation/usa/Copernicus_DSM_COG_30_N69_00_W083_00_DEM,1,11,0,3,15
geography/geodata/elevation/usa/Copernicus_DSM_COG_30_N69_00_W084_00_DEM,1,11,0,3,15
geography/geodata/elevation/usa/Copernicus_DSM_COG_30_N69_00_W085_00_DEM,1,11,0,3,15
geography/geodata/elevation/usa/Copernicus_DSM_COG_30_N69_00_W086_00_DEM,1,11,0,3,15
geography/geodata/elevation/usa/Copernicus_DSM_COG_30_N69_00_W087_00_DEM,1,11,0,3,15
geography/geodata/elevation/usa/Copernicus_DSM_COG_30_N69_00_W088_00_DEM,1,11,0,3,15
geography/geodata/elevation/usa/Copernicus_DSM_COG_30_N69_00_W089_00_DEM,1,11,0,3,15
geography/geodata/elevation/usa/Copernicus_DSM_COG_30_N69_00_W090_00_DEM,1,11,0,3,15
geography/geodata/elevation/usa/Copernicus_DSM_COG_30_N69_00_W091_00_DEM,1,11,0,3,15
geography/geodata/elevation/usa/Copernicus_DSM_COG_30_N69_00_W092_00_DEM,1,11,0,3,15
geography/geodata/elevation/usa/Copernicus_DSM_COG_30_N69_00_W093_00_DEM,1,11,0,3,15
geography/geodata/elevation/usa/Copernicus_DSM_COG_30_N69_00_W094_00_DEM,1,11,0,3,15
geography/geodata/elevation/usa/Copernicus_DSM_COG_30_N69_00_W095_00_DEM,1,11,0,3,15
geography/geodata/elevation/usa/Copernicus_DSM_COG_30_N69_00_W096_00_DEM,1,11,0,3,15
geography/geodata/elevation/usa/Copernicus_DSM_COG_30_N69_00_W097_00_DEM,1,11,0,3,15
geography/geodata/elevation/usa/Copernicus_DSM_COG_30_N69_00_W098_00_DEM,1,11,0,3,15
geography/geodata/elevation/usa/Copernicus_DSM_COG_30_N69_00_W099_00_DEM,1,11,0,3,15
geography/geodata/elevation/usa/Copernicus_DSM_COG_30_N69_00_W100_00_DEM,1,11,0,3,15
geography/geodata/elevation/usa/Copernicus_DSM_COG_30_N69_00_W101_00_DEM,1,11,0,3,15
geography/geodata/elevation/usa/Copernicus_DSM_COG_30_N69_00_W102_00_DEM,1,11,0,3,15
geography/geodata/elevation/usa/Copernicus_DSM_COG_30_N69_00_W103_00_DEM,1,11,0,3,15
geography/geodata/elevation/usa/Copernicus_DSM_COG_30_N69_00_W104_00_DEM,1,11,0,3,15
geography/geodata/elevation/usa/Copernicus_DSM_COG_30_N69_00_W105_00_DEM,1,11,0,3,15
geography/geodata/elevation/usa/Copernicus_DSM_COG_30_N69_00_W106_00_DEM,1,11,0,3,15
geography/geodata/elevation/usa/Copernicus_DSM_COG_30_N69_00_W107_00_DEM,1,11,0,3,15
geography/geodata/elevation/usa/Copernicus_DSM_COG_30_N69_00_W108_00_DEM,1,11,0,3,15
geography/geodata/elevation/usa/Copernicus_DSM_COG_30_N69_00_W109_00_DEM,1,11,0,3,15
geography/geodata/elevation/usa/Copernicus_DSM_COG_30_N69_00_W110_00_DEM,1,11,0,3,15
geography/geodata/elevation/usa/Copernicus_DSM_COG_30_N69_00_W111_00_DEM,1,11,0,3,15
geography/geodata/elevation/usa/Copernicus_DSM_COG_30_N69_00_W112_00_DEM,1,11,0,3,15
geography/geodata/elevation/usa/Copernicus_DSM_COG_30_N69_00_W113_00_DEM,1,11,0,3,15
geography/geodata/elevation/usa/Copernicus_DSM_COG_30_N69_00_W114_00_DEM,1,11,0,3,15
geography/geodata/elevation/usa/Copernicus_DSM_COG_30_N69_00_W115_00_DEM,1,11,0,3,15
geography/geodata/elevation/usa/Copernicus_DSM_COG_30_N69_00_W116_00_DEM,1,11,0,3,15
geography/geodata/elevation/usa/Copernicus_DSM_COG_30_N69_00_W117_00_DEM,1,11,0,3,15
geography/geodata/elevation/usa/Copernicus_DSM_COG_30_N69_00_W118_00_DEM,1,11,0,3,15
geography/geodata/elevation/usa/Copernicus_DSM_COG_30_N69_00_W119_00_DEM,1,11,0,3,15
geography/geodata/elevation/usa/Copernicus_DSM_COG_30_N69_00_W120_00_DEM,1,11,0,3,15
geography/geodata/elevation/usa/Copernicus_DSM_COG_30_N69_00_W121_00_DEM,1,11,0,3,15
geography/geodata/elevation/usa/Copernicus_DSM_COG_30_N69_00_W122_00_DEM,1,11,0,3,15
geography/geodata/elevation/usa/Copernicus_DSM_COG_30_N69_00_W123_00_DEM,1,11,0,3,15
geography/geodata/elevation/usa/Copernicus_DSM_COG_30_N69_00_W124_00_DEM,1,11,0,3,15
geography/geodata/elevation/usa/Copernicus_DSM_COG_30_N69_00_W125_00_DEM,1,11,0,3,15
geography/geodata/elevation/usa/Copernicus_DSM_COG_30_N69_00_W126_00_DEM,1,11,0,3,15
geography/geodata/elevation/usa/Copernicus_DSM_COG_30_N69_00_W127_00_DEM,1,11,0,3,15
geography/geodata/elevation/usa/Copernicus_DSM_COG_30_N69_00_W128_00_DEM,1,11,0,3,15
geography/geodata/elevation/usa/Copernicus_DSM_COG_30_N69_00_W129_00_DEM,1,11,0,3,15
geography/geodata/elevation/usa/Copernicus_DSM_COG_30_N69_00_W130_00_DEM,1,11,0,3,15
geography/geodata/elevation/usa/Copernicus_DSM_COG_30_N69_00_W131_00_DEM,1,11,0,3,15
geography/geodata/elevation/usa/Copernicus_DSM_COG_30_N69_00_W132_00_DEM,1,11,0,3,15
geography/geodata/elevation/usa/Copernicus_DSM_COG_30_N69_00_W133_00_DEM,1,11,0,3,15
geography/geodata/elevation/usa/Copernicus_DSM_COG_30_N69_00_W134_00_DEM,1,11,0,3,15
geography/geodata/elevation/usa/Copernicus_DSM_COG_30_N69_00_W135_00_DEM,1,11,0,3,15
geography/geodata/elevation/usa/Copernicus_DSM_COG_30_N69_00_W136_00_DEM,1,11,0,3,15
geography/geodata/elevation/usa/Copernicus_DSM_COG_30_N69_00_W137_00_DEM,1,11,0,3,15
geography/geodata/elevation/usa/Copernicus_DSM_COG_30_N69_00_W138_00_DEM,1,11,0,3,15
geography/geodata/elevation/usa/Copernicus_DSM_COG_30_N69_00_W139_00_DEM,1,11,0,3,15
geography/geodata/elevation/usa/Copernicus_DSM_COG_30_N69_00_W140_00_DEM,1,11,0,3,15
geography/geodata/elevation/usa/Copernicus_DSM_COG_30_N69_00_W141_00_DEM,1,11,0,3,15
geography/geodata/elevation/usa/Copernicus_DSM_COG_30_N69_00_W142_00_DEM,1,11,0,3,15
geography/geodata/elevation/usa/Copernicus_DSM_COG_30_N69_00_W143_00_DEM,1,11,0,3,15
geography/geodata/elevation/usa/Copernicus_DSM_COG_30_N69_00_W144_00_DEM,1,11,0,3,15
geography/geodata/elevation/usa/Copernicus_DSM_COG_30_N69_00_W145_00_DEM,1,11,0,3,15
geography/geodata/elevation/usa/Copernicus_DSM_COG_30_N69_00_W146_00_DEM,1,11,0,3,15
geography/geodata/elevation/usa/Copernicus_DSM_COG_30_N69_00_W147_00_DEM,1,11,0,3,15
geography/geodata/elevation/usa/Copernicus_DSM_COG_30_N69_00_W148_00_DEM,1,11,0,3,15
geography/geodata/elevation/usa/Copernicus_DSM_COG_30_N69_00_W149_00_DEM,1,11,0,3,15
geography/geodata/elevation/usa/Copernicus_DSM_COG_30_N69_00_W150_00_DEM,1,11,0,3,15
geography/geodata/elevation/usa/Copernicus_DSM_COG_30_N69_00_W151_00_DEM,1,11,0,3,15
geography/geodata/elevation/usa/Copernicus_DSM_COG_30_N69_00_W152_00_DEM,1,11,0,3,15
geography/geodata/elevation/usa/Copernicus_DSM_COG_30_N69_00_W153_00_DEM,1,11,0,3,15
geography/geodata/elevation/usa/Copernicus_DSM_COG_30_N69_00_W154_00_DEM,1,11,0,3,15
geography/geodata/elevation/usa/Copernicus_DSM_COG_30_N69_00_W155_00_DEM,1,11,0,3,15
geography/geodata/elevation/usa/Copernicus_DSM_COG_30_N69_00_W156_00_DEM,1,11,0,3,15
geography/geodata/elevation/usa/Copernicus_DSM_COG_30_N69_00_W157_00_DEM,1,11,0,3,15
geography/geodata/elevation/usa/Copernicus_DSM_COG_30_N69_00_W158_00_DEM,1,11,0,3,15
geography/geodata/elevation/usa/Copernicus_DSM_COG_30_N69_00_W159_00_DEM,1,11,0,3,15
geography/geodata/elevation/usa/Copernicus_DSM_COG_30_N69_00_W160_00_DEM,1,11,0,3,15
geography/geodata/elevation/usa/Copernicus_DSM_COG_30_N69_00_W161_00_DEM,1,11,0,3,15
geography/geodata/elevation/usa/Copernicus_DSM_COG_30_N69_00_W162_00_DEM,1,11,0,3,15
geography/geodata/elevation/usa/Copernicus_DSM_COG_30_N69_00_W163_00_DEM,1,11,0,3,15
geography/geodata/elevation/usa/Copernicus_DSM_COG_30_N69_00_W164_00_DEM,1,11,0,3,15
geography/geodata/elevation/usa/Copernicus_DSM_COG_30_N70_00_W067_00_DEM,1,11,0,3,15
geography/geodata/elevation/usa/Copernicus_DSM_COG_30_N70_00_W068_00_DEM,1,11,0,3,15
geography/geodata/elevation/usa/Copernicus_DSM_COG_30_N70_00_W069_00_DEM,1,11,0,3,15
geography/geodata/elevation/usa/Copernicus_DSM_COG_30_N70_00_W070_00_DEM,1,11,0,3,15
geography/geodata/elevation/usa/Copernicus_DSM_COG_30_N70_00_W071_00_DEM,1,11,0,3,15
geography/geodata/elevation/usa/Copernicus_DSM_COG_30_N70_00_W072_00_DEM,1,11,0,3,15
geography/geodata/elevation/usa/Copernicus_DSM_COG_30_N70_00_W073_00_DEM,1,11,0,3,15
geography/geodata/elevation/usa/Copernicus_DSM_COG_30_N70_00_W074_00_DEM,1,11,0,3,15
geography/geodata/elevation/usa/Copernicus_DSM_COG_30_N70_00_W075_00_DEM,1,11,0,3,15
geography/geodata/elevation/usa/Copernicus_DSM_COG_30_N70_00_W076_00_DEM,1,11,0,3,15
geography/geodata/elevation/usa/Copernicus_DSM_COG_30_N70_00_W077_00_DEM,1,11,0,3,15
geography/geodata/elevation/usa/Copernicus_DSM_COG_30_N70_00_W078_00_DEM,1,11,0,3,15
geography/geodata/elevation/usa/Copernicus_DSM_COG_30_N70_00_W079_00_DEM,1,11,0,3,15
geography/geodata/elevation/usa/Copernicus_DSM_COG_30_N70_00_W080_00_DEM,1,11,0,3,15
geography/geodata/elevation/usa/Copernicus_DSM_COG_30_N70_00_W081_00_DEM,1,11,0,3,15
geography/geodata/elevation/usa/Copernicus_DSM_COG_30_N70_00_W082_00_DEM,1,11,0,3,15
geography/geodata/elevation/usa/Copernicus_DSM_COG_30_N70_00_W083_00_DEM,1,11,0,3,15
geography/geodata/elevation/usa/Copernicus_DSM_COG_30_N70_00_W084_00_DEM,1,11,0,3,15
geography/geodata/elevation/usa/Copernicus_DSM_COG_30_N70_00_W085_00_DEM,1,11,0,3,15
geography/geodata/elevation/usa/Copernicus_DSM_COG_30_N70_00_W086_00_DEM,1,11,0,3,15
geography/geodata/elevation/usa/Copernicus_DSM_COG_30_N70_00_W087_00_DEM,1,11,0,3,15
geography/geodata/elevation/usa/Copernicus_DSM_COG_30_N70_00_W088_00_DEM,1,11,0,3,15
geography/geodata/elevation/usa/Copernicus_DSM_COG_30_N70_00_W089_00_DEM,1,11,0,3,15
geography/geodata/elevation/usa/Copernicus_DSM_COG_30_N70_00_W090_00_DEM,1,11,0,3,15
geography/geodata/elevation/usa/Copernicus_DSM_COG_30_N70_00_W091_00_DEM,1,11,0,3,15
geography/geodata/elevation/usa/Copernicus_DSM_COG_30_N70_00_W092_00_DEM,1,11,0,3,15
geography/geodata/elevation/usa/Copernicus_DSM_COG_30_N70_00_W093_00_DEM,1,11,0,3,15
geography/geodata/elevation/usa/Copernicus_DSM_COG_30_N70_00_W094_00_DEM,1,11,0,3,15
geography/geodata/elevation/usa/Copernicus_DSM_COG_30_N70_00_W095_00_DEM,1,11,0,3,15
geography/geodata/elevation/usa/Copernicus_DSM_COG_30_N70_00_W096_00_DEM,1,11,0,3,15
geography/geodata/elevation/usa/Copernicus_DSM_COG_30_N70_00_W097_00_DEM,1,11,0,3,15
geography/geodata/elevation/usa/Copernicus_DSM_COG_30_N70_00_W098_00_DEM,1,11,0,3,15
geography/geodata/elevation/usa/Copernicus_DSM_COG_30_N70_00_W101_00_DEM,1,11,0,3,15
geography/geodata/elevation/usa/Copernicus_DSM_COG_30_N70_00_W102_00_DEM,1,11,0,3,15
geography/geodata/elevation/usa/Copernicus_DSM_COG_30_N70_00_W103_00_DEM,1,11,0,3,15
geography/geodata/elevation/usa/Copernicus_DSM_COG_30_N70_00_W104_00_DEM,1,11,0,3,15
geography/geodata/elevation/usa/Copernicus_DSM_COG_30_N70_00_W105_00_DEM,1,11,0,3,15
geography/geodata/elevation/usa/Copernicus_DSM_COG_30_N70_00_W106_00_DEM,1,11,0,3,15
geography/geodata/elevation/usa/Copernicus_DSM_COG_30_N70_00_W107_00_DEM,1,11,0,3,15
geography/geodata/elevation/usa/Copernicus_DSM_COG_30_N70_00_W108_00_DEM,1,11,0,3,15
geography/geodata/elevation/usa/Copernicus_DSM_COG_30_N70_00_W109_00_DEM,1,11,0,3,15
geography/geodata/elevation/usa/Copernicus_DSM_COG_30_N70_00_W110_00_DEM,1,11,0,3,15
geography/geodata/elevation/usa/Copernicus_DSM_COG_30_N70_00_W111_00_DEM,1,11,0,3,15
geography/geodata/elevation/usa/Copernicus_DSM_COG_30_N70_00_W112_00_DEM,1,11,0,3,15
geography/geodata/elevation/usa/Copernicus_DSM_COG_30_N70_00_W113_00_DEM,1,11,0,3,15
geography/geodata/elevation/usa/Copernicus_DSM_COG_30_N70_00_W114_00_DEM,1,11,0,3,15
geography/geodata/elevation/usa/Copernicus_DSM_COG_30_N70_00_W115_00_DEM,1,11,0,3,15
geography/geodata/elevation/usa/Copernicus_DSM_COG_30_N70_00_W116_00_DEM,1,11,0,3,15
geography/geodata/elevation/usa/Copernicus_DSM_COG_30_N70_00_W117_00_DEM,1,11,0,3,15
geography/geodata/elevation/usa/Copernicus_DSM_COG_30_N70_00_W118_00_DEM,1,11,0,3,15
geography/geodata/elevation/usa/Copernicus_DSM_COG_30_N70_00_W119_00_DEM,1,11,0,3,15
geography/geodata/elevation/usa/Copernicus_DSM_COG_30_N70_00_W120_00_DEM,1,11,0,3,15
geography/geodata/elevation/usa/Copernicus_DSM_COG_30_N70_00_W125_00_DEM,1,11,0,3,15
geography/geodata/elevation/usa/Copernicus_DSM_COG_30_N70_00_W126_00_DEM,1,11,0,3,15
geography/geodata/elevation/usa/Copernicus_DSM_COG_30_N70_00_W127_00_DEM,1,11,0,3,15
geography/geodata/elevation/usa/Copernicus_DSM_COG_30_N70_00_W128_00_DEM,1,11,0,3,15
geography/geodata/elevation/usa/Copernicus_DSM_COG_30_N70_00_W129_00_DEM,1,11,0,3,15
geography/geodata/elevation/usa/Copernicus_DSM_COG_30_N70_00_W130_00_DEM,1,11,0,3,15
geography/geodata/elevation/usa/Copernicus_DSM_COG_30_N70_00_W131_00_DEM,1,11,0,3,15
geography/geodata/elevation/usa/Copernicus_DSM_COG_30_N70_00_W132_00_DEM,1,11,0,3,15
geography/geodata/elevation/usa/Copernicus_DSM_COG_30_N70_00_W143_00_DEM,1,11,0,3,15
geography/geodata/elevation/usa/Copernicus_DSM_COG_30_N70_00_W144_00_DEM,1,11,0,3,15
geography/geodata/elevation/usa/Copernicus_DSM_COG_30_N70_00_W145_00_DEM,1,11,0,3,15
geography/geodata/elevation/usa/Copernicus_DSM_COG_30_N70_00_W146_00_DEM,1,11,0,3,15
geography/geodata/elevation/usa/Copernicus_DSM_COG_30_N70_00_W147_00_DEM,1,11,0,3,15
geography/geodata/elevation/usa/Copernicus_DSM_COG_30_N70_00_W148_00_DEM,1,11,0,3,15
geography/geodata/elevation/usa/Copernicus_DSM_COG_30_N70_00_W149_00_DEM,1,11,0,3,15
geography/geodata/elevation/usa/Copernicus_DSM_COG_30_N70_00_W150_00_DEM,1,11,0,3,15
geography/geodata/elevation/usa/Copernicus_DSM_COG_30_N70_00_W151_00_DEM,1,11,0,3,15
geography/geodata/elevation/usa/Copernicus_DSM_COG_30_N70_00_W152_00_DEM,1,11,0,3,15
geography/geodata/elevation/usa/Copernicus_DSM_COG_30_N70_00_W153_00_DEM,1,11,0,3,15
geography/geodata/elevation/usa/Copernicus_DSM_COG_30_N70_00_W154_00_DEM,1,11,0,3,15
geography/geodata/elevation/usa/Copernicus_DSM_COG_30_N70_00_W155_00_DEM,1,11,0,3,15
geography/geodata/elevation/usa/Copernicus_DSM_COG_30_N70_00_W156_00_DEM,1,11,0,3,15
geography/geodata/elevation/usa/Copernicus_DSM_COG_30_N70_00_W157_00_DEM,1,11,0,3,15
geography/geodata/elevation/usa/Copernicus_DSM_COG_30_N70_00_W158_00_DEM,1,11,0,3,15
geography/geodata/elevation/usa/Copernicus_DSM_COG_30_N70_00_W159_00_DEM,1,11,0,3,15
geography/geodata/elevation/usa/Copernicus_DSM_COG_30_N70_00_W160_00_DEM,1,11,0,3,15
geography/geodata/elevation/usa/Copernicus_DSM_COG_30_N70_00_W161_00_DEM,1,11,0,3,15
geography/geodata/elevation/usa/Copernicus_DSM_COG_30_N70_00_W162_00_DEM,1,11,0,3,15
geography/geodata/elevation/usa/Copernicus_DSM_COG_30_N70_00_W163_00_DEM,1,11,0,3,15
geography/geodata/elevation/usa/Copernicus_DSM_COG_30_N70_00_W164_00_DEM,1,11,0,3,15
geography/geodata/elevation/usa/Copernicus_DSM_COG_30_N70_00_W179_00_DEM,1,11,0,3,15
geography/geodata/elevation/usa/Copernicus_DSM_COG_30_N71_00_W071_00_DEM,1,11,0,3,15
geography/geodata/elevation/usa/Copernicus_DSM_COG_30_N71_00_W072_00_DEM,1,11,0,3,15
geography/geodata/elevation/usa/Copernicus_DSM_COG_30_N71_00_W073_00_DEM,1,11,0,3,15
geography/geodata/elevation/usa/Copernicus_DSM_COG_30_N71_00_W074_00_DEM,1,11,0,3,15
geography/geodata/elevation/usa/Copernicus_DSM_COG_30_N71_00_W075_00_DEM,1,11,0,3,15
geography/geodata/elevation/usa/Copernicus_DSM_COG_30_N71_00_W076_00_DEM,1,11,0,3,15
geography/geodata/elevation/usa/Copernicus_DSM_COG_30_N71_00_W077_00_DEM,1,11,0,3,15
geography/geodata/elevation/usa/Copernicus_DSM_COG_30_N71_00_W078_00_DEM,1,11,0,3,15
geography/geodata/elevation/usa/Copernicus_DSM_COG_30_N71_00_W079_00_DEM,1,11,0,3,15
geography/geodata/elevation/usa/Copernicus_DSM_COG_30_N71_00_W080_00_DEM,1,11,0,3,15
geography/geodata/elevation/usa/Copernicus_DSM_COG_30_N71_00_W081_00_DEM,1,11,0,3,15
geography/geodata/elevation/usa/Copernicus_DSM_COG_30_N71_00_W082_00_DEM,1,11,0,3,15
geography/geodata/elevation/usa/Copernicus_DSM_COG_30_N71_00_W083_00_DEM,1,11,0,3,15
geography/geodata/elevation/usa/Copernicus_DSM_COG_30_N71_00_W084_00_DEM,1,11,0,3,15
geography/geodata/elevation/usa/Copernicus_DSM_COG_30_N71_00_W085_00_DEM,1,11,0,3,15
geography/geodata/elevation/usa/Copernicus_DSM_COG_30_N71_00_W086_00_DEM,1,11,0,3,15
geography/geodata/elevation/usa/Copernicus_DSM_COG_30_N71_00_W087_00_DEM,1,11,0,3,15
geography/geodata/elevation/usa/Copernicus_DSM_COG_30_N71_00_W088_00_DEM,1,11,0,3,15
geography/geodata/elevation/usa/Copernicus_DSM_COG_30_N71_00_W089_00_DEM,1,11,0,3,15
geography/geodata/elevation/usa/Copernicus_DSM_COG_30_N71_00_W090_00_DEM,1,11,0,3,15
geography/geodata/elevation/usa/Copernicus_DSM_COG_30_N71_00_W091_00_DEM,1,11,0,3,15
geography/geodata/elevation/usa/Copernicus_DSM_COG_30_N71_00_W092_00_DEM,1,11,0,3,15
geography/geodata/elevation/usa/Copernicus_DSM_COG_30_N71_00_W093_00_DEM,1,11,0,3,15
geography/geodata/elevation/usa/Copernicus_DSM_COG_30_N71_00_W094_00_DEM,1,11,0,3,15
geography/geodata/elevation/usa/Copernicus_DSM_COG_30_N71_00_W095_00_DEM,1,11,0,3,15
geography/geodata/elevation/usa/Copernicus_DSM_COG_30_N71_00_W096_00_DEM,1,11,0,3,15
geography/geodata/elevation/usa/Copernicus_DSM_COG_30_N71_00_W097_00_DEM,1,11,0,3,15
geography/geodata/elevation/usa/Copernicus_DSM_COG_30_N71_00_W098_00_DEM,1,11,0,3,15
geography/geodata/elevation/usa/Copernicus_DSM_COG_30_N71_00_W099_00_DEM,1,11,0,3,15
geography/geodata/elevation/usa/Copernicus_DSM_COG_30_N71_00_W100_00_DEM,1,11,0,3,15
geography/geodata/elevation/usa/Copernicus_DSM_COG_30_N71_00_W101_00_DEM,1,11,0,3,15
geography/geodata/elevation/usa/Copernicus_DSM_COG_30_N71_00_W102_00_DEM,1,11,0,3,15
geography/geodata/elevation/usa/Copernicus_DSM_COG_30_N71_00_W105_00_DEM,1,11,0,3,15
geography/geodata/elevation/usa/Copernicus_DSM_COG_30_N71_00_W106_00_DEM,1,11,0,3,15
geography/geodata/elevation/usa/Copernicus_DSM_COG_30_N71_00_W107_00_DEM,1,11,0,3,15
geography/geodata/elevation/usa/Copernicus_DSM_COG_30_N71_00_W108_00_DEM,1,11,0,3,15
geography/geodata/elevation/usa/Copernicus_DSM_COG_30_N71_00_W109_00_DEM,1,11,0,3,15
geography/geodata/elevation/usa/Copernicus_DSM_COG_30_N71_00_W110_00_DEM,1,11,0,3,15
geography/geodata/elevation/usa/Copernicus_DSM_COG_30_N71_00_W111_00_DEM,1,11,0,3,15
geography/geodata/elevation/usa/Copernicus_DSM_COG_30_N71_00_W112_00_DEM,1,11,0,3,15
geography/geodata/elevation/usa/Copernicus_DSM_COG_30_N71_00_W113_00_DEM,1,11,0,3,15
geography/geodata/elevation/usa/Copernicus_DSM_COG_30_N71_00_W114_00_DEM,1,11,0,3,15
geography/geodata/elevation/usa/Copernicus_DSM_COG_30_N71_00_W115_00_DEM,1,11,0,3,15
geography/geodata/elevation/usa/Copernicus_DSM_COG_30_N71_00_W116_00_DEM,1,11,0,3,15
geography/geodata/elevation/usa/Copernicus_DSM_COG_30_N71_00_W117_00_DEM,1,11,0,3,15
geography/geodata/elevation/usa/Copernicus_DSM_COG_30_N71_00_W118_00_DEM,1,11,0,3,15
geography/geodata/elevation/usa/Copernicus_DSM_COG_30_N71_00_W119_00_DEM,1,11,0,3,15
geography/geodata/elevation/usa/Copernicus_DSM_COG_30_N71_00_W120_00_DEM,1,11,0,3,15
geography/geodata/elevation/usa/Copernicus_DSM_COG_30_N71_00_W121_00_DEM,1,11,0,3,15
geography/geodata/elevation/usa/Copernicus_DSM_COG_30_N71_00_W122_00_DEM,1,11,0,3,15
geography/geodata/elevation/usa/Copernicus_DSM_COG_30_N71_00_W123_00_DEM,1,11,0,3,15
geography/geodata/elevation/usa/Copernicus_DSM_COG_30_N71_00_W124_00_DEM,1,11,0,3,15
geography/geodata/elevation/usa/Copernicus_DSM_COG_30_N71_00_W125_00_DEM,1,11,0,3,15
geography/geodata/elevation/usa/Copernicus_DSM_COG_30_N71_00_W126_00_DEM,1,11,0,3,15
geography/geodata/elevation/usa/Copernicus_DSM_COG_30_N71_00_W127_00_DEM,1,11,0,3,15
geography/geodata/elevation/usa/Copernicus_DSM_COG_30_N71_00_W128_00_DEM,1,11,0,3,15
geography/geodata/elevation/usa/Copernicus_DSM_COG_30_N71_00_W155_00_DEM,1,11,0,3,15
geography/geodata/elevation/usa/Copernicus_DSM_COG_30_N71_00_W156_00_DEM,1,11,0,3,15
geography/geodata/elevation/usa/Copernicus_DSM_COG_30_N71_00_W157_00_DEM,1,11,0,3,15
geography/geodata/elevation/usa/Copernicus_DSM_COG_30_N71_00_W158_00_DEM,1,11,0,3,15
geography/geodata/elevation/usa/Copernicus_DSM_COG_30_N71_00_W175_00_DEM,1,11,0,3,15
geography/geodata/elevation/usa/Copernicus_DSM_COG_30_N71_00_W176_00_DEM,1,11,0,3,15
geography/geodata/elevation/usa/Copernicus_DSM_COG_30_N71_00_W177_00_DEM,1,11,0,3,15
geography/geodata/elevation/usa/Copernicus_DSM_COG_30_N71_00_W178_00_DEM,1,11,0,3,15
geography/geodata/elevation/usa/Copernicus_DSM_COG_30_N71_00_W179_00_DEM,1,11,0,3,15
geography/geodata/elevation/usa/Copernicus_DSM_COG_30_N72_00_W075_00_DEM,1,11,0,3,15
geography/geodata/elevation/usa/Copernicus_DSM_COG_30_N72_00_W076_00_DEM,1,11,0,3,15
geography/geodata/elevation/usa/Copernicus_DSM_COG_30_N72_00_W077_00_DEM,1,11,0,3,15
geography/geodata/elevation/usa/Copernicus_DSM_COG_30_N72_00_W078_00_DEM,1,11,0,3,15
geography/geodata/elevation/usa/Copernicus_DSM_COG_30_N72_00_W079_00_DEM,1,11,0,3,15
geography/geodata/elevation/usa/Copernicus_DSM_COG_30_N72_00_W080_00_DEM,1,11,0,3,15
geography/geodata/elevation/usa/Copernicus_DSM_COG_30_N72_00_W081_00_DEM,1,11,0,3,15
geography/geodata/elevation/usa/Copernicus_DSM_COG_30_N72_00_W082_00_DEM,1,11,0,3,15
geography/geodata/elevation/usa/Copernicus_DSM_COG_30_N72_00_W083_00_DEM,1,11,0,3,15
geography/geodata/elevation/usa/Copernicus_DSM_COG_30_N72_00_W084_00_DEM,1,11,0,3,15
geography/geodata/elevation/usa/Copernicus_DSM_COG_30_N72_00_W085_00_DEM,1,11,0,3,15
geography/geodata/elevation/usa/Copernicus_DSM_COG_30_N72_00_W086_00_DEM,1,11,0,3,15
geography/geodata/elevation/usa/Copernicus_DSM_COG_30_N72_00_W087_00_DEM,1,11,0,3,15
geography/geodata/elevation/usa/Copernicus_DSM_COG_30_N72_00_W088_00_DEM,1,11,0,3,15
geography/geodata/elevation/usa/Copernicus_DSM_COG_30_N72_00_W089_00_DEM,1,11,0,3,15
geography/geodata/elevation/usa/Copernicus_DSM_COG_30_N72_00_W090_00_DEM,1,11,0,3,15
geography/geodata/elevation/usa/Copernicus_DSM_COG_30_N72_00_W091_00_DEM,1,11,0,3,15
geography/geodata/elevation/usa/Copernicus_DSM_COG_30_N72_00_W092_00_DEM,1,11,0,3,15
geography/geodata/elevation/usa/Copernicus_DSM_COG_30_N72_00_W093_00_DEM,1,11,0,3,15
geography/geodata/elevation/usa/Copernicus_DSM_COG_30_N72_00_W094_00_DEM,1,11,0,3,15
geography/geodata/elevation/usa/Copernicus_DSM_COG_30_N72_00_W095_00_DEM,1,11,0,3,15
geography/geodata/elevation/usa/Copernicus_DSM_COG_30_N72_00_W096_00_DEM,1,11,0,3,15
geography/geodata/elevation/usa/Copernicus_DSM_COG_30_N72_00_W097_00_DEM,1,11,0,3,15
geography/geodata/elevation/usa/Copernicus_DSM_COG_30_N72_00_W098_00_DEM,1,11,0,3,15
geography/geodata/elevation/usa/Copernicus_DSM_COG_30_N72_00_W099_00_DEM,1,11,0,3,15
geography/geodata/elevation/usa/Copernicus_DSM_COG_30_N72_00_W100_00_DEM,1,11,0,3,15
geography/geodata/elevation/usa/Copernicus_DSM_COG_30_N72_00_W101_00_DEM,1,11,0,3,15
geography/geodata/elevation/usa/Copernicus_DSM_COG_30_N72_00_W102_00_DEM,1,11,0,3,15
geography/geodata/elevation/usa/Copernicus_DSM_COG_30_N72_00_W103_00_DEM,1,11,0,3,15
geography/geodata/elevation/usa/Copernicus_DSM_COG_30_N72_00_W104_00_DEM,1,11,0,3,15
geography/geodata/elevation/usa/Copernicus_DSM_COG_30_N72_00_W105_00_DEM,1,11,0,3,15
geography/geodata/elevation/usa/Copernicus_DSM_COG_30_N72_00_W106_00_DEM,1,11,0,3,15
geography/geodata/elevation/usa/Copernicus_DSM_COG_30_N72_00_W107_00_DEM,1,11,0,3,15
geography/geodata/elevation/usa/Copernicus_DSM_COG_30_N72_00_W108_00_DEM,1,11,0,3,15
geography/geodata/elevation/usa/Copernicus_DSM_COG_30_N72_00_W109_00_DEM,1,11,0,3,15
geography/geodata/elevation/usa/Copernicus_DSM_COG_30_N72_00_W110_00_DEM,1,11,0,3,15
geography/geodata/elevation/usa/Copernicus_DSM_COG_30_N72_00_W111_00_DEM,1,11,0,3,15
geography/geodata/elevation/usa/Copernicus_DSM_COG_30_N72_00_W112_00_DEM,1,11,0,3,15
geography/geodata/elevation/usa/Copernicus_DSM_COG_30_N72_00_W113_00_DEM,1,11,0,3,15
geography/geodata/elevation/usa/Copernicus_DSM_COG_30_N72_00_W114_00_DEM,1,11,0,3,15
geography/geodata/elevation/usa/Copernicus_DSM_COG_30_N72_00_W115_00_DEM,1,11,0,3,15
geography/geodata/elevation/usa/Copernicus_DSM_COG_30_N72_00_W116_00_DEM,1,11,0,3,15
geography/geodata/elevation/usa/Copernicus_DSM_COG_30_N72_00_W117_00_DEM,1,11,0,3,15
geography/geodata/elevation/usa/Copernicus_DSM_COG_30_N72_00_W118_00_DEM,1,11,0,3,15
geography/geodata/elevation/usa/Copernicus_DSM_COG_30_N72_00_W119_00_DEM,1,11,0,3,15
geography/geodata/elevation/usa/Copernicus_DSM_COG_30_N72_00_W120_00_DEM,1,11,0,3,15
geography/geodata/elevation/usa/Copernicus_DSM_COG_30_N72_00_W121_00_DEM,1,11,0,3,15
geography/geodata/elevation/usa/Copernicus_DSM_COG_30_N72_00_W122_00_DEM,1,11,0,3,15
geography/geodata/elevation/usa/Copernicus_DSM_COG_30_N72_00_W123_00_DEM,1,11,0,3,15
geography/geodata/elevation/usa/Copernicus_DSM_COG_30_N72_00_W124_00_DEM,1,11,0,3,15
geography/geodata/elevation/usa/Copernicus_DSM_COG_30_N72_00_W125_00_DEM,1,11,0,3,15
geography/geodata/elevation/usa/Copernicus_DSM_COG_30_N72_00_W126_00_DEM,1,11,0,3,15
geography/geodata/geonames,0,1,0,0,1
geography/geodata/natural_earth,0,2,0,0,2
geography/geodata/osm_polygons,0,3,0,0,3
geography/maps,1,0,0,0,1
geography/terrain,1,0,0,0,1
incoming,16,0,0,0,16
incoming/review_emergency,1,0,0,0,1
incoming/review_engineering,2,0,0,0,2
incoming/review_medical,6,0,0,0,6
incoming/review_military,4,0,0,0,4
incoming/review_reference,3,0,0,0,3
manifests,4,0,0,1,5
manifests/original_ingestion_logs,1,0,0,1,2
medical,17,0,0,0,17
medical/community_health,3,0,0,0,3
medical/emergency,1,0,0,0,1
medical/field_medicine,4,0,0,0,4
medical/public_health,9,0,0,0,9
military,4,0,0,0,4
military/doctrine,1,0,0,0,1
military/engineering,1,0,0,0,1
military/field_manuals,1,0,0,0,1
military/navigation,1,0,0,0,1
reference,2,0,0,0,2
reference/manuals,1,0,0,0,1
reference/standards,1,0,0,0,1
religion,269,3,0,1206,1478
religion/islam,269,3,0,1206,1478
religion/islam/aqeedah,14,0,0,0,14
religion/islam/archive,41,0,0,1205,1246
religion/islam/archive/doc_dump,0,0,0,1204,1204
religion/islam/archive/flagged_dawah,4,0,0,0,4
religion/islam/archive/junk,2,0,0,1,3
religion/islam/archive/text_duplicates,22,0,0,0,22
religion/islam/dawah,48,0,0,0,48
religion/islam/hadith,24,0,0,0,24
religion/islam/quran,134,0,0,1,135
religion/islam/quran/duplicates,11,0,0,0,11
religion/islam/quran/full,123,0,0,1,124
religion/islam/seerah,1,0,0,0,1
religion/islam/structured_data,0,3,0,0,3
religion/islam/tafsir,7,0,0,0,7
zim,0,0,23,0,23
zim/ifixit,0,0,1,0,1
zim/libretexts,0,0,2,0,2
zim/stackexchange,0,0,12,0,12
zim/wikibooks,0,0,4,0,4
zim/wikipedia,0,0,4,0,4
